1,22.08.1946,1,7867
13,16.11.1949,38,1
18,17.09.1950,49,1
21,29.11.1952,1,49
22,07.12.1952,1,49
24,15.09.1957,155,1
25,04.05.1958,1,10
26,02.06.1963,1,7
27,16.06.1963,7,1
30,24.05.1964,38,1
44,18.04.1971,40,1
46,26.05.1971,1,40
51,08.04.1973,10,1
55,07.11.1973,1,155
56,03.11.1976,1,69
60,06.12.1981,1,37
72,20.09.1983,11,1
77,27.03.1985,1,50
97,07.11.1990,1,16
125,10.08.1995,32,1
130,24.04.1996,6,1
164,1.10.2000,1,19
165,5.11.2000,1,32
182,14.02.2003,1,192
187,1.06.2003,45,1
191,1.10.2003,39,1
239,02.04.1940,27,45
240,21.04.1940,45,27
246,18.01.1942,27,11
248,13.04.1942,27,7
251,08.09.1942,27,46
254,04.04.1943,45,27
256,06.06.1943,46,27
258,12.09.1956,27,159
259,17.10.1990,27,151
260,22.12.1990,27,40
308,06.03.1998,27,161
315,08.06.1998,16,27
327,20.06.1999,184,27
363,2.02.2002,27,38
367,1.06.2003,13,27
373,14.11.2003,47,27
374,17.07.1946,23,9
380,29.06.1953,23,37
388,07.08.1956,23,12
395,11.08.1958,23,22
396,26.06.1959,23,9
397,07.07.1959,23,36
398,18.08.1959,9,23
399,21.08.1959,36,23
402,11.09.1960,22,23
403,19.06.1961,23,21
404,16.09.1961,12,23
408,07.09.1963,23,11138
409,14.09.1963,11138,23
410,27.07.1964,23,43
414,09.08.1965,23,22
415,15.08.1966,23,55
416,18.09.1966,23,16
417,31.05.1967,23,48
418,22.06.1967,48,23
419,14.08.1967,23,12
421,02.07.1968,23,11
426,25.09.1969,16,23
428,02.02.1970,12,23
429,10.05.1970,23,12
430,22.06.1970,23,16
433,12.05.1971,23,16
435,16.06.1971,16,23
436,04.08.1971,23,12
441,12.07.1972,23,14
443,08.06.1973,14,23
445,17.06.1973,23,10
446,19.06.1973,23,10
447,02.08.1973,23,36
450,03.07.1974,14,23
455,27.05.1975,23,16
457,23.06.1975,23,14
458,07.07.1975,23,36
459,17.07.1975,36,23
460,30.07.1975,23,52
463,10.09.1975,52,23
465,16.06.1976,14,23
489,30.06.1980,23,14
496,27.05.1981,49,23
498,27.08.1981,9,23
500,23.09.1981,23,49
506,01.08.1982,14,23
507,02.08.1982,14,23
509,08.09.1982,23,10
514,08.08.1983,23,14
519,01.08.1984,14,23
529,10.07.1985,23,14
530,12.07.1985,23,14
536,29.05.1986,23,49
542,15.04.1987,25,23
544,26.05.1987,23,21
546,02.09.1987,23,10
549,07.10.1987,39,23
551,27.04.1988,21,23
552,30.04.1988,10,23
554,24.05.1988,23,39
555,29.05.1988,23,25
557,18.08.1988,23,44
564,19.05.1989,23,12
571,04.04.1990,124,23
576,26.09.1990,49,23
578,27.04.1991,12,23
582,05.06.1991,23,49
593,08.08.1992,23,24
605,03.05.1994,60,23
619,13.11.1995,54,23
643,13.05.1998,181,23
668,11.01.2001,66,23
670,20.01.2001,61,23
681,08.03.2002,60,23
695,19.11.2003,139,23
716,27.06.1927,28,30
764,06.06.1935,15,28
787,11.06.1938,44,28
788,27.06.1938,28,54
809,8.11.1992,38,28
833,02.06.1995,39,28
847,15.02.1997,30,28
885,03.06.2000,28,15
937,06.06.1982,29,155
938,07.06.1984,29,37
1013,28.08.1920,38,31
1014,15.01.1922,31,16
1015,25.02.1923,16,31
1016,13.01.1924,31,16
1017,04.05.1924,5,31
1018,1.05.1924,31,5
1020,05.10.1924,5,31
1021,11.11.1924,16,31
1022,14.02.1926,31,5
1023,11.04.1926,31,16
1024,05.12.1926,5,31
1025,13.02.1927,16,31
1026,17.04.1927,31,25
1028,01.04.1928,31,5
1029,15.04.1928,31,16
1032,04.11.1928,5,31
1033,17.02.1929,16,31
1034,09.02.1930,31,5
1035,06.04.1930,25,31
1036,13.04.1930,31,16
1037,01.06.1930,5,31
1038,25.01.1931,16,31
1039,01.03.1931,31,5
1040,12.04.1931,31,25
1041,14.02.1932,5,31
1042,20.03.1932,31,16
1043,10.04.1932,25,31
1044,06.11.1932,31,45
1045,12.02.1933,16,31
1046,04.06.1933,31,16
1047,05.06.1933,31,5
1048,24.09.1933,45,31
1049,21.01.1934,31,5
1050,25.02.1934,5,31
1053,10.05.1934,5,31
1054,04.11.1934,31,45
1055,17.03.1935,16,31
1056,14.04.1935,31,5
1057,28.04.1935,5,31
1059,10.11.1935,31,16
1060,16.02.1936,31,5
1061,15.03.1936,45,31
1062,26.04.1936,5,31
1066,08.11.1936,31,45
1067,21.02.1937,16,31
1069,11.04.1937,31,5
1070,25.04.1937,31,25
1071,06.05.1937,5,31
1074,30.01.1938,31,16
1077,24.04.1938,5,31
1078,15.05.1938,25,31
1079,18.09.1938,31,45
1080,21.01.1939,16,31
1081,29.01.1939,31,5
1083,30.04.1939,5,31
1084,14.05.1939,45,31
1085,10.03.1940,31,5
1087,07.04.1940,5,31
1089,27.05.1945,31,16
1092,14.04.1946,16,31
1093,05.05.1946,31,5
1094,12.05.1946,31,45
1096,30.10.1946,5,31
1097,23.03.1947,31,16
1098,04.05.1947,31,5
1099,13.05.1947,31,12
1100,17.05.1947,45,31
1101,21.05.1947,49,31
1103,22.02.1948,31,5
1104,26.03.1948,12,31
1105,27.03.1948,31,21
1106,18.04.1948,31,49
1107,02.05.1948,31,37
1108,06.05.1948,5,31
1109,18.07.1948,16,31
1112,19.09.1948,31,45
1113,21.11.1948,31,5
1114,13.03.1949,5,31
1115,20.03.1949,37,31
1116,23.03.1949,49,31
1117,22.05.1949,31,16
1120,09.10.1949,16,31
1121,06.11.1949,5,31
1122,19.03.1950,31,45
1123,16.04.1950,31,5
1124,21.05.1950,31,12
1125,04.06.1950,31,16
1127,22.08.1950,36,31
1128,29.10.1950,31,37
1129,12.11.1950,31,5
1130,15.04.1951,5,31
1131,03.06.1951,31,16
1132,17.06.1951,37,31
1133,24.06.1951,45,31
1135,25.11.1951,5,31
1138,06.04.1952,31,5
1140,22.05.1952,16,31
1141,15.06.1952,16,31
1143,16.07.1952,31,11138
1144,20.07.1952,60,31
1145,19.10.1952,31,5
1146,16.11.1952,31,16
1147,26.11.1952,5,31
1148,22.03.1953,45,31
1149,06.05.1953,48,31
1152,17.12.1953,16,31
1154,14.03.1954,31,5
1155,09.05.1954,5,31
1157,24.10.1954,31,5
1158,16.01.1955,5,31
1159,10.04.1955,39,31
1160,17.04.1955,16,31
1161,08.06.1955,31,49
1162,25.09.1955,31,5
1163,09.10.1955,45,31
1164,16.10.1955,5,31
1165,25.03.1956,31,16
1167,14.10.1956,31,5
1168,11.11.1956,31,45
1169,23.12.1956,5,31
1172,14.04.1957,16,31
1175,17.11.1957,5,31
1176,24.11.1957,31,48
1177,02.03.1958,31,5
1178,01.05.1958,31,11
1179,04.05.1958,31,21
1180,07.05.1958,45,31
1181,28.09.1958,31,5
1182,26.10.1958,31,16
1183,11.11.1958,5,31
1184,26.04.1959,31,45
1185,13.05.1959,21,31
1186,24.05.1959,31,12
1188,30.09.1959,5,31
1189,04.10.1959,31,21
1190,11.11.1959,16,31
1191,28.02.1960,31,5
1192,27.03.1960,31,45
1193,10.04.1960,31,16
1194,13.04.1960,45,31
1195,02.10.1960,31,5
1197,09.03.1961,5,31
1199,30.04.1961,31,25
1200,11.05.1961,16,31
1201,28.05.1961,45,31
1202,10.06.1961,25,31
1203,06.09.1961,11,31
1206,12.11.1961,5,31
1207,10.12.1961,31,16
1208,07.03.1962,21,31
1209,01.04.1962,5,31
1211,14.10.1962,31,5
1212,11.11.1962,31,21
1213,22.12.1962,31,45
1214,03.03.1963,5,31
1215,07.04.1963,31,25
1216,01.05.1963,16,31
1218,27.10.1963,31,16
1220,01.12.1963,5,31
1224,26.04.1964,25,31
1225,03.05.1964,31,5
1228,21.10.1964,5,31
1230,17.02.1965,11,31
1231,28.02.1965,31,5
1234,29.09.1965,21,31
1236,10.11.1965,5,31
1237,20.03.1966,31,25
1238,17.04.1966,31,5
1240,23.10.1966,5,31
1242,17.01.1967,11,31
1243,29.01.1967,48,31
1246,22.10.1967,31,48
1250,17.04.1968,31,21
1251,01.05.1968,31,5
1254,08.12.1968,31,5
1260,05.11.1969,5,31
1263,10.03.1970,21,31
1264,16.04.1970,16,31
1265,09.05.1970,31,49
1269,03.03.1971,31,11
1270,04.04.1971,31,37
1272,05.05.1971,37,31
1274,30.05.1971,37,31
1275,10.10.1971,31,16
1279,09.02.1972,11,31
1280,26.04.1972,49,31
1284,28.02.1973,16,31
1289,28.10.1973,5,31
1290,04.11.1973,31,36
1291,24.03.1974,31,16
1292,03.09.1974,31,11
1295,08.12.1974,31,5
1297,08.04.1975,31,21
1298,22.04.1975,21,31
1302,12.11.1975,31,11
1303,27.03.1976,31,16
1304,24.04.1976,5,31
1308,10.11.1976,31,5
1310,24.04.1977,45,31
1312,21.09.1977,31,45
1315,28.02.1978,16,31
1319,01.05.1979,31,49
1321,16.10.1979,11,31
1323,24.11.1979,49,31
1327,09.05.1980,184,31
1330,14.05.1980,184,31
1332,04.10.1980,31,151
1338,22.09.1981,31,11
1342,27.04.1982,31,16
1379,18.10.1988,31,49
1381,09.05.1989,49,31
1420,31.03.1997,31,24
1469,25.02.2004,31,14
1514,04.03.1978,32,115
1545,31.10.1984,49,32
1546,05.12.1984,32,25
1551,21.04.1985,32,49
1560,14.10.1987,32,12
1566,13.02.1988,32,10
1567,10.03.1988,91,32
1586,25.10.1989,94,10
1589,1.02.1990,32,184
1650,12.11.1996,191,32
1653,8.12.1996,32,48
1662,1.10.1997,32,26
1725,18.02.2004,32,56
1733,02.07.1991,34,17
1734,20.05.1992,34,30
1735,18.08.1992,34,178
1736,20.08.1992,34,110
1737,24.08.1992,164,34
1738,26.08.1992,160,34
1739,28.08.1992,34,88
1740,14.10.1992,3,34
1743,02.09.1994,34,4
1840,20.06.1924,38,151
1846,02.09.1925,13,38
1858,27.10.1928,49,38
1861,14.06.1931,38,49
1872,15.10.1933,38,49
1885,3.11.1935,40,38
1913,31.08.1947,49,38
1919,18.04.1948,38,49
1929,30.10.1949,49,38
1934,22.10.1950,38,49
1940,21.07.1952,9,38
1941,14.09.1952,49,38
1943,10.05.1953,38,49
1964,24.11.1957,38,52
1968,28.06.1958,10,38
1976,18.10.1959,15,38
1977,08.11.1959,38,15
1982,26.08.1960,38,115
1983,29.08.1960,38,9
1999,28.10.1962,49,38
2005,23.09.1963,38,50
2008,13.09.1964,38,49
2034,28.07.1967,38,52
2035,04.08.1967,52,38
2050,18.06.1969,7,38
2064,25.10.1970,49,38
2071,16.04.1972,7,38
2072,07.05.1972,38,7
2074,30.08.1972,38,82
2075,01.09.1972,38,10
2076,03.09.1972,38,9
2077,05.09.1972,38,52
2078,08.09.1972,38,95
2079,10.09.1972,38,54
2080,15.10.1972,38,49
2082,28.03.1973,55,38
2113,13.11.1974,49,38
2122,18.10.1975,21,38
2129,18.07.1976,38,138
2130,22.07.1976,38,161
2131,25.07.1976,38,2199
2132,31.07.1976,38,10
2163,21.02.1979,69,38
2186,24.09.1980,38,49
2191,25.01.1981,162,38
2192,27.01.1981,162,38
2193,30.01.1981,162,38
2194,01.02.1981,162,38
2243,04.09.1985,49,38
2268,27.10.1987,49,38
2311,27.03.1991,46,38
2325,27.05.1992,38,49
2375,14.02.1997,38,30
2466,11.07.2004,151,38
2476,17.05.1925,39,48
2490,04.06.1928,68,39
2494,12.01.1930,39,49
2508,28.11.1937,48,39
2510,30.01.1938,39,48
2519,1.03.1945,39,48
2582,06.06.1961,39,58
2601,25.04.1965,49,39
2604,31.10.1965,39,49
2618,21.03.1967,25,39
2629,04.05.1969,39,19
2648,06.07.1972,39,52
2660,30.04.1975,49,39
2722,14.10.1984,39,49
2728,25.09.1985,49,39
2757,06.10.1989,49,39
2759,15.11.1989,39,49
2763,20.12.1990,39,151
2771,6.10.1991,21,39
2798,29.01.1995,39,9
2875,16.10.2002,44,39
2887,15.10.2003,39,19
3770,23.04.1927,22,25
3779,16.12.1934,22,54
3792,18.05.1938,49,22
3818,34.05.1951,36,22
3844,05.04.1959,22,49
3854,08.10.1961,22,49
3855,29.10.1961,49,22
3873,12.05.1966,37,22
3879,1.05.1967,22,49
3880,22.11.1967,49,22
3884,04.12.1968,22,9
3885,04.05.1969,22,49
3886,27.05.1969,9,22
3889,07.10.1969,49,22
3917,11.03.1975,22,11
3942,26.09.1979,49,22
3952,28.10.1980,16,22
3956,29.04.1981,22,49
3957,21.05.1981,11,22
3978,11.10.1984,36,22
4117,09.10.1999,33,22
4179,01.07.1923,40,49
4184,31.08.1924,49,40
4207,20.09.1931,40,49
4208,04.10.1931,54,40
4210,08.05.1932,40,37
4218,06.06.1933,40,19
4220,24.09.1933,40,54
4222,25.05.1934,49,40
4224,27.05.1934,49,40
4236,11.05.1936,40,19
4239,18.04.1937,40,49
4243,08.07.1937,30,40
4244,12.07.1937,28,40
4252,04.12.1938,49,40
4277,21.09.1947,40,49
4283,04.07.1948,40,49
4287,22.05.1949,49,40
4291,21.05.1950,40,46
4293,20.05.1951,49,40
4294,11.05.1952,40,49
4298,14.06.1953,49,40
4301,25.10.1953,40,49
4324,19.07.1959,52,40
4325,02.08.1959,40,52
4327,08.11.1959,40,7
4328,01.05.1960,7,40
4329,22.05.1960,40,49
4330,29.05.1960,49,40
4340,23.06.1963,9,40
4343,03.11.1963,40,9
4344,28.11.1963,40,9
4345,27.04.1964,40,49
4346,03.05.1964,40,7
4347,20.05.1964,54,40
4348,31.05.1964,7,40
4350,11.10.1964,40,139
4351,13.10.1964,40,10
4352,15.10.1964,40,161
4353,18.10.1964,54,40
4354,20.10.1964,40,82
4359,19.09.1965,49,40
4404,18.04.1971,40,1
4406,16.05.1971,49,40
4407,26.05.1971,1,40
4409,10.10.1971,9,40
4410,14.11.1971,40,49
4412,30.01.1972,95,40
4438,31.03.1975,49,40
4442,04.06.1975,40,9
4443,18.06.1975,9,40
4448,03.12.1975,16,40
4450,24.03.1976,40,16
4451,06.04.1976,21,40
4452,14.04.1976,40,21
4456,22.09.1976,40,49
4457,06.10.1976,49,40
4464,14.08.1977,40,49
4472,31.05.1918,7,40
4486,11.01.1980,40,54
4490,18.05.1980,49,40
4510,16.05.1982,65,40
4511,18.05.1982,61,40
4523,15.05.1983,40,49
4532,30.11.1983,49,40
4552,1.09.1985,12,40
4558,17.03.1986,160,40
4589,05.09.1989,49,40
4623,14.11.1992,40,49
4630,02.06.1993,46,40
4760,23.08.1986,42,136
4761,16.09.1987,171,42
4762,18.09.1987,185,42
4763,20.09.1987,50,42
4832,14.10.1992,3,34
4864,15.09.1998,3,2
4890,1.09.2001,55,3
4904,25.05.1924,49,50
4923,17.04.1932,50,54
4924,22.04.1932,50,54
4935,13.05.1949,50,68
4936,15.05.1949,19,50
4937,20.05.1949,25,50
4950,11.12.1953,50,25
4959,25.12.1955,16,50
4964,25.11.1956,49,50
4965,05.04.1957,68,50
4973,18.12.1958,50,49
4992,23.09.1963,38,50
5016,18.06.1967,49,50
5017,15.11.1967,50,49
5020,3.03.1968,50,115
5023,23.10.1968,35,50
5027,14.09.1969,50,178
5034,25.04.1071,50,11
5037,14.11.1071,1,50
5050,20.01.1974,161,50
5072,07.09.1977,49,50
5093,03.12.1980,49,50
5095,15.04.1981,50,49
5102,22.12.1982,50,7
5111,20.01.1984,68,50
5112,22.01.1984,68,50
5117,16.10.1984,50,7
5177,21.16.1993,50,38
5178,16.11.1993,50,36
5191,12.06.1995,50,133
5193,21.06.1995,50,196
5194,23.06.1995,61,50
5229,05.06.1099,15,50
5289,8.02.2004,50,9
5307,17.09.1992,17,4
5308,25.05.1993,4,17
5309,06.06.1993,4,186
5310,07.06.1993,4,168
5312,02.09.1994,34,4
5321,1.10.1995,24,4
5334,25.04.1997,189,4
5340,1.10.1997,45,4
5345,25.06.1998,4,30
5364,26.07.2000,7,4
5379,20.02.2002,7,4
5423,06.08.1997,56,24
5451,16.06.2001,36,56
5469,03.10.2003,34,56
5482,18.04.1908,5,12
5486,17.04.1909,12,5
5490,26.03.1910,5,12
5494,04.03.1911,12,5
5502,08.04.1912,5,12
5504,09.11.1912,12,5
5513,24.02.1914,5,12
5516,03.09.1919,5,16
5517,17.02.1920,5,12
5527,15.11.1922,16,5
5528,26.11.1922,5,21
5536,05.05.1923,5,12
5542,10.06.1924,9,5
5549,06.09.1925,5,37
5556,02.01.1927,5,49
5562,26.05.1927,49,5
5586,14.09.1930,5,49
5605,01.05.1933,21,5
5607,06.11.1933,37,5
5653,19.01.1946,12,5
5717,05.06.1955,5,49
5718,25.09.1955,49,5
5734,07.11.1957,21,5
5754,10.30.1960,5,54
5796,1.11.1966,5,16
5822,02.17.1971,5,39
5879,21.06.1980,11,5
5899,12.15.1982,5,43
5909,13.06.1984,5,26
5946,16.11.1988,49,5
5948,29.04.1989,5,49
5963,06.21.1990,5,48
5965,12.09.1990,5,11
5967,12.02.1991,25,5
5978,02.09.1992,49,5
5980,8.11.1992,5,55
5986,17.11.1993,5,49
5990,9.06.1994,5,95
5999,04.22.1995,5,151
6027,06.13.1998,21,5
6028,06.20.1998,5,139
6040,08.18.1999,5,15
6043,0.10.1999,12,5
6047,04.26.2000,36,5
6729,03.10.1999,54,6
6762,1.10.2003,6,9
6774,22.08.1929,54,7
6778,05.08.1930,7,54
6781,7.12.1930,19,7
6786,4.10.1931,7,26
6790,30.03.1932,19,7
6791,24.04.1932,7,54
6792,24.04.1932,7,16
6795,2.07.1932,19,7
6796,4.11.1932,7,50
6798,4.06.1933,40,7
6801,4.02.1934,19,7
6804,1.04.1934,7,26
6809,1.01.1935,19,7
6810,26.05.1935,7,11
6817,12.07.1936,26,7
6818,11.07.1937,7,26
6820,07.11.1937,7,49
6822,24.04.1938,49,7
6823,2.10.1938,7,11
6830,6.06.1943,7,54
6831,8.10.1946,7,40
6832,9.10.1946,1,7
6833,12.10.1946,7,26
6835,6.07.1947,7,40
6838,4.04.1948,7,38
6840,4.07.1948,7,26
6842,7.11.1948,7,54
6843,4.09.1949,49,7
6844,2.10.1949,38,7
6847,4.06.1950,1,7
6848,27.08.1950,7,49
6852,25.05.1952,54,7
6853,17.07.1952,52,7
6856,6.09.1953,7,49
6858,4.10.1953,7,54
6860,8.11.1953,46,7
6861,8.08.1954,38,7
6863,7.01.1955,68,7
6867,9.10.1955,40,7
6868,23.10.1955,7,11138
6869,13.11.1955,7,49
6871,12.05.1956,11138,7
6875,30.11.1956,7,11138
6877,7.12.1956,7,158
6884,3.11.1957,7,36
6888,5.10.1958,10,7
6889,12.10.1958,49,7
6890,7.12.1958,50,7
6894,27.06.1959,52,7
6895,13.09.1959,7,52
6898,8.11.1959,40,7
6899,6.12.1959,7,9
6900,3.04.1960,21,7
6901,1.05.1960,7,40
6905,26.08.1960,7,50
6906,29.08.1960,7,68
6907,1.09.1960,7,26
6916,6.05.1962,37,7
6918,3.06.1962,54,7
6919,7.06.1962,7,12
6922,7.11.1962,7,39
6925,6.01.1963,69,7
6927,28.04.1963,7,49
6931,4.09.1963,10,7
6934,12.10.1963,7,52
6939,3.05.1964,40,7
6940,31.05.1964,7,40
6944,9.05.1965,7,50
6947,4.09.1965,7,10
6953,1.06.1966,26,7
6958,6.11.1966,7,26
6961,22.03.1967,1,7
6963,24.06.1967,7,38
6965,8.10.1967,7,52
6966,12.10.1967,50,7
6968,22.11.1967,7,50
6972,20.04.1968,7,10
6974,24.04.1968,10,7
6975,2.10.1968,7,82
6977,14.10.1968,7,188
6978,16.10.1968,7,49
6979,18.10.1968,7,131
6980,20.10.1968,7,24
6981,22.10.1968,139,7
6990,9.11.1969,38,7
6991,7.12.1969,31,7
6997,8.04.1970,16,7
6998,5.05.1970,7,52
6999,6.05.1970,7,52
7000,2.06.1970,65,7
7001,7.06.1970,11,7
7004,24.03.1971,11138,7
7005,7.04.1971,19,7
7010,7.09.1971,11,7
7012,27.10.1971,7,40
7016,4.12.1971,7,16
7019,7.05.1972,38,7
7021,7.06.1972,52,7
7029,8.02.1973,4069,7
7035,2.05.1973,7,39
7038,26.09.1973,35,7
7041,6.02.1974,57,7
7042,8.02.1974,169,7
7045,13.04.1974,7,49
7047,8.05.1974,7,50
7049,1.06.1974,7,12
7060,7.05.1975,54,7
7061,7.06.1975,7,54
7063,24.09.1975,50,7
7064,8.10.1975,48,7
7065,12.11.1975,7,48
7072,14.04.1976,7,50
7075,18.08.1976,45,7
7077,9.10.1976,7,16
7092,1.04.1978,65,7
7093,4.04.1978,139,7
7094,23.04.1978,49,7
7096,26.04.1978,161,7
7097,5.05.1978,40,7
7099,4.08.1978,7,40
7105,7.02.1979,7,40
7106,14.02.1979,7,40
7110,18.04.1979,7,49
7112,2.05.1979,35,7
7115,6.06.1979,7,12
7116,26.09.1979,7,54
7120,8.03.1980,169,7
7121,26.03.1980,7,52
7122,2.04.1980,7,54
7125,4.06.1980,15,7
7128,9.10.1980,58,7
7130,3.12.1980,7,11
7132,28.01.1981,62,7
7133,1.02.1981,59,7
7134,11.02.1981,65,7
7150,5.05.1982,58,7
7151,14.05.1982,16,7
7152,7.09.1982,45,7
7154,12.10.1982,40,7
7159,22.12.1982,50,7
7161,28.12.1982,32,7
7162,9.03.1983,7,45
7165,23.03.1983,7,54
7169,18.05.1983,7,52
7170,7.08.1983,7,69
7171,31.08.1983,19,7
7172,7.09.1983,36,7
7175,26.10.1983,49,7
7181,2.04.1984,169,7
7184,8.06.1984,9,7
7185,6.09.1984,39,7
7187,16.10.1984,50,7
7189,5.12.1984,7,31
7190,5.02.1985,7,45
7191,6.02.1985,7,38
7192,6.04.1985,7,10
7194,2.05.1985,7,16
7195,1.06.1985,7,26
7196,28.08.1985,7,139
7197,4.09.1985,21,7
7200,30.10.1985,54,7
7203,9.02.1986,7,10
7205,9.04.1986,7,9
7215,1.04.1987,7,22
7221,21.01.1988,191,7
7224,29.01.1988,68,7
7225,23.03.1988,7,49
7228,4.08.1988,15,7
7229,7.08.1988,23,7
7230,9.08.1988,36,7
7232,21.09.1988,7,52
7234,2.11.1988,9,7
7244,5.05.1990,60,7
7250,28.08.1920,49,26
7251,9.04.1991,9,7
7253,29.08.1920,36,49
7255,31.08.1920,16,49
7257,02.09.1920,5,49
7259,28.10.1921,49,26
7261,13.11.1921,49,44
7263,26.02.1922,25,49
7264,11.06.1922,9,49
7266,28.06.1922,26,49
7268,13.08.1922,44,49
7272,27.05.1923,49,25
7274,01.07.1923,40,49
7275,9.09.1992,7,16
7276,28.10.1923,49,26
7277,7.10.1992,44,7
7278,25.05.1924,49,50
7280,28.05.1924,49,45
7281,2.12.1992,24,7
7282,30.05.1924,49,45
7284,31.08.1924,49,40
7285,28.09.1924,26,49
7287,24.05.1925,49,37
7289,11.10.1925,49,54
7291,28.10.1925,49,26
7293,17.01.1926,25,49
7295,14.03.1926,37,49
7296,8.09.1993,7,44
7297,06.06.1926,54,49
7299,13.06.1926,44,49
7301,28.06.1926,26,49
7305,28.09.1926,49,37
7307,28.10.1926,49,25
7309,02.01.1927,5,49
7310,20.02.1927,25,49
7311,21.06.1994,100,7
7312,20.03.1927,37,49
7314,24.04.1927,46,54
7315,30.06.1994,7,58
7316,26.05.1927,49,5
7317,31.07.1927,26,49
7318,5.07.1994,7,139
7321,09.10.1927,54,49
7323,23.10.1927,49,25
7325,28.10.1927,49,26
7327,01.04.1928,37,49
7329,22.04.1928,54,46
7331,13.05.1928,16,49
7332,23.09.1928,49,54
7333,15.02.1995,58,7
7334,27.10.1928,49,38
7336,28.10.1928,49,26
7338,03.03.1929,25,49
7340,17.03.1929,49,37
7341,7.06.1995,7,11
7342,05.05.1929,45,49
7343,6.09.1995,1,7
7344,28.06.1929,26,49
7345,7.10.1995,7,1
7346,08.09.1929,49,54
7348,15.09.1929,37,49
7349,06.10.1929,46,45
7351,28.10.1929,49,26
7353,01.01.1930,48,49
7355,12.01.1930,39,49
7357,23.03.1930,49,37
7358,01.05.1930,49,54
7360,11.05.1930,16,49
7361,9.06.1996,48,7
7362,14.06.1930,49,48
7364,21.09.1930,5,49
7366,26.10.1930,54,49
7367,1.09.1996,24,7
7368,15.02.1931,16,49
7369,8.10.1996,31,7
7370,22.03.1931,49,54
7371,6.11.1996,181,7
7372,12.04.1931,37,49
7373,13.06.1931,49,45
7374,8.11.1996,188,7
7375,14.06.1931,38,49
7377,02.08.1931,26,49
7379,20.09.1931,54,49
7380,2.04.1997,7,57
7381,15.11.1931,25,49
7382,20.03.1932,49,54
7383,8.06.1997,7,31
7384,17.04.1932,45,49
7386,22.05.1932,49,37
7387,29.05.1932,21,49
7389,18.09.1932,54,49
7391,09.10.1932,49,26
7393,28.10.1932,49,25
7395,19.03.1933,54,49
7397,09.04.1933,37,46
7398,07.05.1933,25,49
7399,5.06.1998,7,69
7400,10.06.1933,49,16
7402,06.08.1933,26,49
7404,17.09.1933,49,37
7406,15.10.1933,38,49
7407,6.09.1998,7,38
7408,25.03.1934,16,49
7409,29.04.1934,49,54
7411,16.05.1934,49,12
7413,27.05.1934,49,40
7414,4.11.1998,7,69
7415,31.05.1934,49,45
7417,03.06.1934,49,11
7419,10.06.1934,25,49
7420,3.03.1999,7,46
7421,02.09.1934,49,26
7424,14.10.1934,45,46
7426,17.03.1935,49,45
7428,14.04.1935,49,37
7429,4.06.1999,38,7
7431,9.06.1999,7,12
7432,06.09.1935,26,49
7433,22.09.1935,54,49
7435,28.10.1935,49,25
7436,4.09.1999,44,7
7437,09.02.1936,16,49
7439,22.03.1936,37,49
7440,26.04.1936,49,48
7443,9.02.2000,7,46
7444,18.10.1936,46,54
7446,13.12.1936,25,49
7448,21.02.1937,49,45
7450,8.04.1937,40,46
7453,23.05.1937,49,25
7455,19.09.1937,54,46
7456,03.10.1937,49,26
7457,2.09.2000,7,49
7458,7.10.2000,7,32
7459,13.10.1937,46,28
7461,24.10.1937,49,37
7463,07.11.1937,7,49
7464,01.12.1937,12,49
7466,08.12.1937,43,49
7468,03.04.1938,45,46
7469,24.04.1938,49,7
7471,18.05.1938,49,22
7473,05.06.1938,49,21
7475,12.06.1938,49,60
7477,14.06.1938,49,60
7478,2.06.2001,35,7
7479,07.08.1938,44,46
7480,6.06.2001,23,7
7483,04.12.1938,49,40
7484,1.09.2001,32,7
7485,07.04.1946,16,49
7486,5.09.2001,7,9
7487,09.05.1946,49,26
7488,6.10.2001,49,7
7489,14.09.1946,49,45
7491,29.09.1946,26,49
7492,27.10.1946,37,49
7494,11.05.1947,49,26
7496,20.06.1947,9,49
7498,31.08.1947,49,38
7499,7.09.2002,5,7
7500,21.09.1947,40,49
7502,05.10.1947,49,37
7504,14.12.1947,25,49
7506,18.04.1948,38,49
7507,23.05.1948,54,49
7510,12.06.1948,49,16
7511,04.07.1948,40,49
7512,2.04.2003,13,7
7513,29.08.1948,7,49
7515,10.10.1948,45,49
7516,7.06.2003,7,5
7517,31.10.1948,49,37
7518,23.03.1949,49,31
7520,10.04.1949,49,54
7522,22.05.1949,49,40
7524,04.09.1949,49,7
7526,25.09.1949,37,49
7528,30.10.1949,49,38
7529,13.11.1949,16,49
7530,30.04.1950,54,46
7531,21.05.1950,40,49
7532,27.08.1950,7,49
7533,17.09.1950,49,1
7534,22.10.1950,38,49
7535,20.05.1951,49,40
7536,14.10.1951,49,54
7537,11.05.1952,40,49
7538,14.09.1952,49,38
7539,19.10.1952,54,46
7540,29.11.1952,1,49
7541,07.12.1952,1,49
7542,26.04.1953,49,25
7543,10.05.1953,38,49
7544,14.06.1953,49,40
7545,06.09.1953,7,49
7546,20.09.1953,49,45
7547,04.10.1953,49,54
7548,25.10.1953,40,49
7549,08.11.1953,49,7
7550,13.12.1953,25,49
7551,16.06.1954,66,49
7552,19.06.1954,37,49
7553,24.10.1954,54,49
7554,27.03.1955,46,37
7555,05.06.1955,5,49
7556,25.09.1955,49,5
7557,02.10.1955,49,54
7558,13.11.1955,7,49
7559,21.04.1956,49,60
7560,10.05.1956,45,49
7561,20.05.1956,54,49
7562,05.08.1956,60,49
7563,08.08.1956,60,49
7564,12.08.1956,66,49
7565,19.08.1956,58,49
7566,26.08.1956,61,49
7567,30.09.1956,26,49
7568,25.11.1956,49,50
7569,01.05.1957,55,49
7570,18.05.1957,49,26
7571,26.05.1957,49,55
7575,13.12.1957,68,49
7577,08.06.1958,35,49
7579,15.06.1958,49,58
7580,17.06.1958,35,49
7581,30.08.1958,49,52
7582,20.09.1958,49,45
7583,12.10.1958,49,7
7584,13.12.1958,25,49
7585,18.12.1958,50,49
7586,05.04.1959,22,49
7588,06.09.1959,52,49
7589,23.09.1959,9,49
7590,18.10.1959,49,9
7591,01.11.1959,49,25
7592,01.05.1960,49,37
7593,22.05.1960,40,49
7594,29.05.1960,49,40
7595,06.07.1960,52,49
7596,09.07.1960,16,49
7597,30.10.1960,49,21
7598,26.03.1961,49,44
7599,29.04.1961,49,139
7600,4.05.1961,49,43
7601,19.06.1961,49,58
7602,26.09.1961,43,49
7603,08.10.1961,22,49
7604,29.10.1961,49,22
7605,29.11.1961,43,49
7606,07.04.1962,44,49
7607,22.04.1962,49,66
7608,31.05.1962,49,48
7609,02.06.1962,60,49
7610,07.06.1962,139,49
7611,10.06.1962,49,54
7612,13.06.1962,49,26
7613,17.06.1962,60,49
7614,16.09.1962,37,49
7615,28.10.1962,49,38
7618,24.04.1963,37,49
7619,28.04.1963,7,49
7620,29.05.1963,49,12
7621,02.06.1963,49,54
7622,03.11.1963,26,49
7623,11.04.1964,25,49
7625,17.05.1964,49,26
7626,13.09.1964,38,49
7627,11.10.1964,54,46
7628,25.04.1965,49,39
7629,30.05.1965,40,49
7630,19.09.1965,49,40
7631,09.10.1965,50,49
7632,31.10.1965,39,49
7633,21.11.1965,49,50
7634,18.05.1966,49,52
7635,12.06.1966,60,49
7636,15.06.1966,60,49
7638,02.11.1966,12,49
7639,06.11.1966,21,49
7640,03.05.1967,45,49
7641,21.05.1967,22,49
7642,18.06.1967,49,50
7643,01.10.1967,49,48
7644,22.10.1967,48,49
7645,15.11.1967,50,49
7646,22.11.1967,49,22
7647,27.04.1968,49,26
7648,23.06.1968,49,60
7649,25.09.1968,9,49
7650,20.10.1968,49,9
7651,16.04.1969,21,49
7652,04.05.1969,22,49
7653,25.05.1969,54,49
7654,14.09.1969,49,54
7655,07.10.1969,49,22
7656,03.12.1969,49,54
7657,12.04.1970,37,49
7658,09.05.1970,31,49
7659,13.05.1970,36,49
7660,03.06.1970,49,60
7661,06.06.1970,40,49
7662,11.06.1970,49,12
7663,05.09.1970,16,49
7664,07.10.1970,49,15
7666,21.04.1971,55,49
7668,16.06.1971,15,49
7669,14.07.1971,60,49
7671,27.10.1971,49,55
7672,14.11.1971,40,49
7673,08.04.1972,49,37
7674,26.04.1972,49,31
7675,14.05.1972,44,49
7676,28.06.1972,60,49
7677,02.07.1972,43,49
7678,06.07.1972,26,49
7679,30.08.1972,49,21
7680,15.10.1972,38,49
7683,02.05.1973,9,49
7684,27.05.1973,49,12
7685,06.06.1973,49,9
7686,26.09.1973,43,49
7687,17.10.1973,49,43
7688,27.03.1974,10,49
7689,07.04.1974,60,49
7690,13.04.1974,7,49
7691,27.04.1974,49,16
7692,20.05.1974,52,49
7694,13.10.1974,49,44
7695,30.10.1974,12,49
7696,13.11.1974,49,38
7697,20.12.1974,161,49
7698,31.03.1975,49,40
7699,20.04.1975,49,57
7700,30.04.1975,49,39
7701,07.06.1975,37,49
7703,15.10.1975,49,54
7704,30.10.1975,49,12
7705,12.11.1975,39,49
7707,23.11.1975,57,49
7708,10.03.1976,49,52
7709,27.03.1976,16,49
7711,24.04.1976,49,52
7712,22.05.1976,52,49
7713,16.06.1976,49,21
7715,22.09.1976,40,49
7716,06.10.1976,49,40
7717,13.10.1976,49,43
7719,23.03.1977,49,19
7720,30.03.1977,55,49
7721,20.04.1977,54,49
7722,24.05.1977,45,49
7723,01.06.1977,49,37
7724,07.09.1977,49,50
7725,21.09.1977,43,49
7726,09.11.1977,49,54
7727,6.11.1977,49,55
7728,22.03.1978,19,49
7729,15.04.1978,54,49
7730,23.04.1978,49,7
7731,17.05.1978,60,49
7732,21.05.1978,44,49
7734,04.10.1978,44,49
7736,08.11.1978,49,25
7737,29.11.1978,12,49
7738,14.03.1979,49,48
7739,04.04.1979,49,16
7740,01.05.1979,31,49
7741,05.05.1979,52,49
7742,12.09.1979,54,49
7743,26.09.1979,49,22
7744,10.10.1979,49,44
7745,17.11.1979,16,49
7746,24.11.1979,49,31
7747,27.01.1980,194,49
7748,03.02.1980,194,49
7749,09.02.1980,194,49
7750,26.03.1980,45,49
7751,16.04.1980,48,49
7752,30.04.1980,49,54
7753,18.05.1980,49,40
7755,14.06.1980,49,19
7756,17.06.1980,49,21
7757,21.06.1980,25,49
7758,24.09.1980,38,49
7760,15.10.1980,58,49
7761,19.11.1980,55,49
7762,03.12.1980,49,50
7763,24.03.1981,49,45
7764,15.04.1981,50,49
7765,29.04.1981,22,49
7766,27.05.1981,49,23
7768,09.09.1981,49,55
7769,23.09.1981,23,49
7770,28.10.1981,52,49
7771,11.11.1981,58,49
7772,29.11.1981,49,52
7774,09.03.1982,58,49
7775,24.03.1982,49,19
7777,28.04.1982,37,49
7778,17.06.1982,49,169
7779,20.06.1982,49,12
7780,24.06.1982,49,16
7781,06.10.1982,49,44
7782,27.10.1982,9,49
7783,11.11.1982,25,46
7784,27.03.1983,57,49
7785,16.04.1983,49,57
7786,15.05.1983,40,49
7787,07.09.1983,45,49
7788,21.09.1983,44,49
7789,26.10.1983,49,7
7790,16.11.1983,49,25
7791,30.11.1983,49,40
7793,07.04.1984,25,49
7794,16.05.1984,49,9
7795,05.09.1984,19,46
7796,14.10.1984,39,49
7797,31.10.1984,49,32
7798,27.03.1985,45,49
7799,21.04.1985,32,49
7801,05.06.1985,44,49
7802,04.09.1985,49,38
7803,25.09.1985,49,39
7804,16.10.1985,49,44
7807,27.05.1986,49,22
7808,29.05.1986,23,49
7809,03.08.1986,194,49
7810,06.08.1986,194,49
7812,10.09.1986,49,21
7813,15.10.1986,49,15
7814,12.11.1986,49,9
7815,25.03.1987,45,49
7816,29.04.1987,55,49
7818,03.06.1987,9,49
7819,09.09.1987,15,49
7820,27.10.1987,49,38
7821,11.11.1987,49,55
7822,24.02.1988,48,49
7823,23.03.1988,7,49
7824,27.04.1988,49,52
7825,01.06.1988,9,49
7826,24.08.1988,16,49
7827,20.09.1988,49,37
7828,18.10.1988,31,49
7829,04.11.1988,49,36
7830,16.11.1988,49,5
7831,11.04.1989,37,49
7832,29.04.1989,5,49
7833,09.05.1989,49,31
7834,07.06.1989,45,46
7835,05.09.1989,46,40
7836,06.10.1989,49,39
7837,25.10.1989,49,45
7838,15.11.1989,39,49
7839,21.02.1990,48,49
7841,25.04.1990,12,49
7843,10.06.1990,49,151
7844,15.06.1990,49,37
7845,19.06.1990,25,49
7846,23.06.1990,49,126
7847,01.07.1990,11,49
7848,29.08.1990,15,49
7849,26.09.1990,49,23
7850,13.10.1990,16,49
7851,14.11.1990,49,48
7852,30.01.1991,194,49
7853,06.02.1991,194,49
7854,27.03.1991,49,38
7855,01.05.1991,1,49
7857,21.08.1991,49,45
7858,04.09.1991,49,16
7859,25.09.1991,36,49
7860,16.10.1991,49,1
7861,13.11.1991,48,49
7862,18.12.1991,60,49
7864,25.03.1992,49,12
7866,27.05.1992,38,49
7867,19.08.1992,49,37
7868,02.09.1992,49,5
7869,23.09.1992,49,14
7870,14.11.1992,40,49
7871,24.03.1993,57,49
7872,28.04.1993,49,55
7873,02.06.1993,49,40
7874,16.06.1993,14,49
7875,08.09.1993,55,49
7876,27.10.1993,49,57
7877,17.11.1993,5,49
7967,5.09.2001,49,32
7972,13.03.2002,57,49
7989,12.11.2003,49,136
8020,25.03.1969,19,57
8036,08.05.1973,35,57
8042,20.04.1975,49,57
8043,1.05.1975,57,12
8045,05.11.1975,57,19
8046,23.11.1975,57,49
8073,15.04.1982,185,57
8079,27.03.1983,57,49
8080,16.04.1983,49,57
8137,24.03.1993,57,49
8142,27.10.1993,49,57
8172,17.02.1997,57,30
8214,12.02.2002,57,45
8216,01.05.2002,54,57
8227,7.06.2003,32,57
8230,19.10.1908,9,16
8232,24.10.1908,12,9
8233,05.05.1910,9,12
8234,21.10.1911,12,9
8237,04.07.1912,12,9
8243,05.06.1914,9,12
8272,11.06.1922,9,49
8275,06.05.1923,49,9
8316,09.10.1932,9,43
8338,7.10.1937,9,15
8366,17.07.1946,23,9
8371,20.06.1947,9,49
8388,1.09.1949,36,9
8393,25.06.1950,9,36
8395,0.09.1950,9,26
8406,15.07.1952,9,19
8407,21.07.1952,9,38
8408,25.07.1952,9,26
8429,23.05.1456,52,9
8454,26.06.1959,23,9
8455,02.07.1959,9,36
8456,18.08.1959,9,23
8457,13.09.1959,36,9
8458,23.09.1959,9,49
8460,18.10.1959,49,9
8465,27.07.1960,9,54
8467,26.08.1960,9,58
8468,29.08.1960,9,38
8469,01.09.1960,9,115
8470,06.09.1960,9,54
8471,10.09.1960,26,9
8480,1.06.1962,9,36
8490,23.06.1963,9,40
8495,03.11.1963,40,9
8496,28.11.1963,40,9
8532,1.10.1967,10,9
8537,25.09.1968,9,49
8539,20.10.1968,49,9
8541,04.12.1968,22,9
8546,27.05.1969,9,22
8563,21.04.1971,45,9
8564,05.05.1971,9,45
8571,01.08.1971,9,12
8572,25.08.1971,11,9
8575,10.10.1971,9,40
8576,18.04.1972,9,11
8577,03.05.1972,9,12
8578,21.05.1972,40,9
8582,16.08.1972,9,139
8583,27.08.1972,9,60
8584,29.08.1972,9,161
8585,31.08.1972,54,9
8586,03.09.1972,9,38
8587,05.09.1972,9,95
8588,08.09.1972,52,9
8593,02.05.1973,9,49
8594,06.06.1973,49,9
8608,04.06.1975,40,9
8609,18.06.1975,9,40
8615,03.02.1976,24,9
8640,1.10.1978,9,7
8654,12.07.1980,52,9
8676,27.10.1982,9,49
8679,04.05.1983,9,10
8680,19.05.1983,9,36
8682,22.06.1983,9,15
8683,17.08.1983,36,9
8684,24.08.1983,15,9
8687,05.10.1983,9,38
8693,18.04.1984,10,9
8694,22.04.1984,38,9
8695,16.05.1984,49,9
8725,12.11.1986,49,9
8727,20.05.1987,19,9
8728,03.06.1987,9,49
8729,10.06.1987,9,40
8731,03.09.1987,40,9
8735,28.10.1987,38,9
8737,30.03.1988,11,9
8738,20.04.1988,9,19
8741,18.05.1988,9,38
8742,01.06.1988,9,49
8798,18.02.1882,22,12
8806,24.02.1883,12,22
8811,25.02.1884,22,12
8817,28.02.1885,12,22
8820,21.09.1992,30,9
8823,13.03.1886,22,12
8829,05.02.1887,12,22
8840,31.03.1888,22,12
8844,02.03.1889,12,22
8850,15.03.1890,22,12
8856,07.03.1891,12,22
8862,05.03.1892,22,12
8866,25.02.1893,12,22
8873,01.03.1894,22,12
8878,09.03.1895,12,22
8884,07.03.1896,22,12
8891,20.02.1897,12,22
8896,05.03.1898,22,12
8902,18.02.1899,12,22
8908,17.03.1900,22,12
8913,09.03.1901,12,22
8921,22.03.1902,22,12
8926,14.02.1903,12,22
8933,12.03.1904,22,12
8937,25.02.1905,12,22
8943,17.02.1906,22,12
8948,16.02.1907,12,22
8954,15.02.1908,22,12
8967,13.02.1909,12,22
8979,12.02.1910,22,12
8984,11.02.1911,12,22
8985,7.10.2000,35,9
8990,10.02.1912,22,12
8995,15.02.1913,22,12
9001,14.02.1914,12,22
9006,25.10.1919,22,12
9012,23.10.1920,12,22
9019,22.10.1921,22,12
9024,21.10.1922,12,35
9035,24.05.1923,44,12
9037,20.10.1923,35,12
9105,16.05.1934,49,12
9126,01.12.1937,12,49
9165,15.04.1950,43,12
9169,29.06.1950,151,12
9170,12.07.1950,48,12
9229,29.11.1957,12,16
9281,29.05.1963,49,12
9297,8.11.1964,12,55
9323,02.11.1966,12,49
9359,11.06.1970,12,49
9383,27.05.1973,49,12
9398,30.10.1974,12,49
9407,30.10.1975,49,12
9411,11.05.1976,12,22
9438,29.11.1978,12,49
9457,20.10.1920,15,13
9459,23.07.1921,13,44
9477,25.04.1924,151,13
9496,02.09.1925,13,38
9501,20.06.1982,12,49
9509,22.04.1982,9,12
9517,3.02.1983,12,55
9532,15.08.1929,28,13
9548,0.06.1984,60,12
9599,10.08.1934,13,54
9646,12.06.1938,30,13
9648,21.06.1938,13,54
9681,25.04.1990,12,49
9735,25.03.1992,49,12
9748,13.09.1995,27,13
9750,1.10.1995,30,13
9773,11.09.1993,12,38
9879,1.02.1999,12,16
9942,12.02.2003,62,13
10001,23.09.1992,49,14
10005,16.06.1993,14,49
10038,03.02.1999,2,14
10086,15.01.1923,37,15
10121,5.09.1929,15,28
10133,11.11.1931,9,15
10145,19.06.1934,15,21
10148,09.08.1934,54,15
10153,06.06.1935,15,28
10167,19.08.1931,15,13
10204,15.05.1949,15,12
10216,10.05.1951,12,15
10226,19.07.1952,15,37
10246,13.11.1955,26,15
10259,15.09.1957,15,12
10266,11.10.1958,12,15
10271,18.10.1959,15,38
10272,08.11.1959,38,15
10273,11.11.1959,11,15
10274,18.05.1960,15,11
10292,01.08.1963,15,52
10308,27.10.1965,11,15
10310,4.06.1966,15,44
10319,14.06.1967,21,15
10324,15.10.1967,15,16
10326,29.10.1967,16,15
10333,02.04.1969,21,15
10342,21.05.1970,15,11
10346,23.09.1970,15,12
10347,07.10.1970,49,15
10351,16.06.1971,15,49
10356,07.03.1972,21,15
10361,30.07.1972,11,15
10364,04.04.1973,12,15
10365,24.05.1973,15,21
10377,16.04.1975,21,15
10380,18.06.1975,36,15
10385,1.06.1976,15,44
10431,07.06.1979,15,9
10433,09.08.1979,15,36
10435,13.09.1979,11,15
10437,11.11.1979,15,11
10438,17.11.1979,54,15
10442,25.11.1979,124,15
10444,04.06.1981,15,7
10446,21.07.1981,26,15
10447,23.07.1980,160,15
10448,25.07.1980,15,126
10473,16.03.1983,11,15
10475,04.05.1983,15,38
10476,18.05.1983,15,11
10477,25.05.1983,38,15
10479,5.06.1983,15,36
10481,24.06.1983,15,9
10484,05.10.1983,10,15
10485,26.10.1983,36,15
10486,20.02.1984,15,151
10487,09.03.1984,169,15
10494,14.11.1984,22,15
10509,05.08.1986,15,44
10512,09.09.1986,15,10
10514,14.10.1986,15,5
10515,15.10.1986,49,15
10520,12.05.1987,15,37
10522,10.06.1987,15,49
10523,02.09.1987,26,15
10524,09.09.1987,15,49
10527,23.09.1987,49,15
10529,28.10.1987,5,15
10531,12.01.1988,15,49
10532,01.11.1906,16,12
10537,23.03.1908,12,16
10538,18.05.1988,15,26
10542,31.05.1988,37,15
10543,19.10.1908,16,9
10548,22.05.1909,16,12
10552,16.04.1910,12,16
10558,23.03.1911,16,12
10568,22.03.1989,11,15
10576,27.02.1913,16,12
10592,6.05.1990,22,15
10599,05.04.1920,16,12
10602,31.08.1920,16,49
10604,08.02.1921,16,22
10610,05.05.1921,16,12
10676,11.02.1994,177,15
10677,13.05.1928,16,49
10698,11.05.1930,16,49
10713,15.02.1931,16,49
10724,11.02.1996,9,15
10726,13.02.1996,40,15
10729,6.02.1996,188,15
10744,10.06.1933,49,16
10751,25.03.1934,16,49
10776,09.02.1936,16,49
10798,5.06.1999,15,50
10823,26.05.1945,12,16
10827,03.06.2000,28,15
10828,07.04.1946,16,49
10833,19.05.1946,16,12
10851,12.06.1948,49,16
10866,13.11.1949,16,49
10879,11.05.1951,35,16
10894,16.10.2002,26,15
10917,17.12.1953,16,31
10922,16.10.2003,133,15
10925,19.10.2003,126,15
10968,3.12.1959,16,37
10974,09.07.1960,16,49
11013,06.06.1966,52,16
11036,1.11.1969,16,44
11040,05.09.1970,16,49
11045,12.01.1971,58,16
11051,04.11.1971,7,16
11056,25.6.1972,58,16
11067,27.04.1974,49,16
11077,15.01.1975,16,5
11078,27.03.1976,16,49
11098,04.04.1979,49,16
11099,01.05.1979,151,16
11102,17.11.1979,16,49
11105,23.05.1980,52,16
11107,28.10.1980,16,22
11110,15.03.1981,21,16
11153,13.10.1990,16,49
11158,04.09.1991,49,16
11202,22.03.1999,16,53
11295,22.03.1999,16,53
11299,18.08.1999,22,16
11314,1.10.1997,16,109
11337,13.10.1990,16,49
11342,04.09.1991,49,16
11351,9.08.1986,45,16
11368,2.11.1983,26,16
11389,23.05.1980,52,16
11392,21.03.1913,11,12
11394,28.10.1980,16,22
11400,15.03.1981,21,16
11465,28.01.1939,5,11
11474,21.09.1939,54,11
11483,18.01.1942,27,11
11534,15.11.1956,22,11
11545,1.06.1958,11,8
11575,31.05.1462,11,25
11703,22.05.1975,11,48
11747,21.06.1980,5,11
11830,13.10.1987,11,44
11831,15.11.1987,54,11
11851,18.02.1990,16,11
11877,12.06.1992,41,11
11900,20.09.1956,10,159
11911,27.10.1957,10,46
11913,04.05.1958,1,10
11915,28.06.1958,10,38
11982,19.10.1963,10,54
11992,03.01.1965,66,10
12036,08.06.1998,11,31
12056,26.07.1970,10,160
12070,10.02.1971,66,10
12072,21.04.1971,10,31
12073,27.07.1999,11,196
12076,16.08.1971,139,10
12085,27.05.1972,11,66
12089,28.08.1972,10,82
12091,01.09.1972,10,38
12093,03.09.1972,54,10
12095,10.09.1972,10,52
12104,08.04.1973,10,1
12111,03.06.1973,15,10
12113,17.06.1973,23,10
12116,25.03.2001,19,11
12175,19.11.1975,52,10
12181,27.07.1976,10,52
12182,31.07.1976,10,38
12191,0.09.2003,11,43
12231,31.01.1980,48,10
12235,10.10.1980,8,10
12241,9.05.1981,10,138
12250,08.09.1982,23,10
12265,15.02.1984,19,10
12266,28.03.1984,10,49
12283,1.09.1985,10,16
12291,09.04.1986,60,10
12304,23.09.1987,11,115
12309,02.03.1988,95,11
12325,25.10.1989,32,10
12328,29.01.1990,169,10
12329,01.04.1990,10,151
12330,1.04.1990,10,68
12337,18.11.1879,12,55
12343,25.02.1882,55,22
12348,17.03.1883,22,55
12349,09.02.1884,55,22
12350,07.04.1929,19,25
12356,02.03.1930,25,19
12359,11.04.1885,22,55
12361,27.02.1886,55,22
12364,28.10.1931,7,19
12368,13.12.1931,19,54
12369,12.03.1887,22,55
12374,03.03.1888,55,22
12381,15.04.1899,55,43
12383,27.04.1889,22,55
12385,08.02.1890,55,22
12391,07.02.1891,22,55
12396,21.06.1935,19,26
12397,27.02.1892,55,22
12406,05.04.1893,22,55
12408,24.02.1894,55,22
12415,16.03.1895,22,55
12420,29.02.1896,55,22
12421,25.05.1949,19,25
12426,06.03.1897,22,55
12427,13.12.1950,19,16
12429,08.04.1951,25,19
12432,19.02.1898,55,22
12434,14.10.1951,16,19
12437,04.03.1899,22,55
12440,29.02.1952,19,50
12442,16.05.1952,50,19
12444,15.07.1952,9,19
12445,24.02.1900,55,22
12446,25.07.1952,19,11138
12448,26.04.1953,19,25
12452,18.10.1953,19,16
12455,22.02.1902,55,22
12460,07.11.1954,19,68
12462,29.01.1955,68,19
12464,28.03.1903,22,55
12465,13.03.1955,48,19
12467,17.03.1955,16,19
12469,29.05.1955,19,25
12470,21.03.1904,55,22
12471,22.04.1956,25,19
12473,13.03.1957,19,48
12476,08.04.1905,22,55
12478,05.10.1957,19,16
12482,02.04.1906,55,22
12485,23.02.1907,22,55
12488,5.11.1959,26,19
12492,06.03.1960,24,19
12494,03.04.1960,19,24
12495,11.04.1908,55,22
12497,24.04.1960,19,26
12500,20.03.1909,22,55
12502,11.12.1960,16,19
12506,17.10.1961,35,19
12507,11.04.1910,55,22
12509,28.01.1911,22,55
12518,13.04.1912,55,22
12519,12.02.1964,12,19
12520,18.01.1913,22,55
12521,08.04.1964,19,12
12525,19.01.1914,55,22
12531,14.02.1920,22,55
12541,09.04.1921,55,35
12546,01.04.1922,35,55
12552,14.04.1923,55,35
12569,04.05.1969,39,19
12571,19.07.1969,194,19
12575,26.07.1969,194,19
12600,8.06.1971,19,32
12622,14.11.1972,26,19
12633,11.03.1937,55,35
12650,02.04.1975,57,19
12664,19.03.1949,35,55
12675,23.03.1977,49,19
12693,22.03.1978,19,49
12710,28.10.1978,19,54
12733,01.05.1957,55,49
12737,26.05.1957,49,55
12738,14.06.1980,49,19
12742,13.10.1980,9,19
12766,04.11.1959,43,55
12774,24.03.1982,49,19
12810,15.02.1984,19,10
12822,05.09.1984,19,49
12830,05.12.1984,19,40
12872,21.04.1971,55,49
12883,27.10.1971,49,55
12895,28.03.1973,55,38
12905,28.05.1988,136,19
12942,30.03.1977,55,49
12954,31.05.1990,25,19
12955,16.11.1977,49,55
12969,27.01.1991,57,19
12972,21.03.1991,95,19
12975,25.05.1979,35,55
13005,09.09.1981,49,55
13036,30.06.1994,19,100
13073,19.05.1086,136,55
13080,29.04.1987,55,49
13085,1.11.1987,49,55
13138,15.08.1999,19,139
13155,28.04.1993,49,55
13158,08.09.1993,55,49
13189,24.01.1996,25,55
13196,01.04.1907,21,12
13202,21.12.1907,12,21
13212,02.11.1997,55,22
13224,12.04.1909,21,12
13228,11.12.1909,12,21
13233,01.04.1910,21,5
13234,12.05.2002,19,40
13240,9.03.1911,5,21
13246,17.04.1914,21,12
13277,26.03.1921,21,45
13278,01.06.2003,48,19
13292,17.04.1927,21,9
13330,26.05.2003,151,55
13333,03.06.2004,39,19
13340,11.10.2003,55,7867
13357,18.04.1927,21,49
13397,29.05.1932,21,49
13420,1.01.1937,11,21
13429,05.06.1938,49,21
13432,14.03.1939,5,21
13459,6.04.1950,5,21
13471,17.07.1952,60,21
13474,15.11.1952,12,21
13480,07.03.1954,21,12
13510,24.05.1958,36,21
13528,30.10.1960,49,21
13566,06.11.1966,21,49
13582,16.04.1969,21,49
13599,30.08.1972,49,21
13632,16.06.1976,49,21
13668,17.06.1980,49,21
13714,16.03.1994,24,53
13721,26.08.1994,53,191
13722,10.09.1986,49,21
13776,1.10.1989,55,21
13800,1.11.1990,21,19
13810,1.09.1991,21,38
13868,20.06.1994,21,181
13914,05.04.1903,54,3423
13984,30.06.1912,12,54
14005,19.06.1914,44,54
14076,1.03.1923,45,54
14115,11.10.1925,49,54
14122,06.06.1926,54,49
14138,24.04.1927,49,54
14146,25.09.1927,26,54
14152,22.04.1928,54,49
14163,17.04.1932,50,54
14165,22.04.1932,50,54
14166,08.09.1929,49,54
14172,01.05.1930,49,54
14184,26.10.1930,54,49
14185,22.03.1931,49,54
14187,13.05.1949,50,68
14192,20.05.1949,25,50
14193,20.09.1931,54,49
14202,20.03.1932,49,54
14211,18.09.1932,54,49
14218,11.12.1953,50,25
14221,19.03.1933,54,49
14236,25.12.1955,16,50
14239,29.04.1934,49,54
14245,25.11.1956,49,50
14247,05.04.1957,68,50
14253,16.12.1934,22,54
14262,22.09.1935,54,49
14263,18.12.1958,50,49
14283,18.10.1936,49,54
14289,1.04.1937,45,54
14296,19.09.1937,54,49
14300,23.09.1963,38,50
14311,05.06.1938,54,21
14348,18.06.1967,49,50
14350,15.11.1967,50,49
14357,3.03.1968,50,115
14363,23.10.1968,35,50
14371,14.09.1969,50,178
14386,25.04.1071,50,11
14387,31.10.1946,31,54
14391,14.11.1071,1,50
14416,20.01.1974,161,50
14440,30.04.1950,54,49
14456,14.10.1951,49,54
14457,07.09.1977,49,50
14461,18.05.1952,54,10
14468,15.07.1952,54,40
14470,21.07.1952,54,25
14472,24.07.1952,54,50
14474,28.07.1952,54,44
14476,02.08.1952,54,26
14481,19.10.1952,54,49
14490,04.10.1953,49,54
14492,04.10.1953,7,54
14495,03.12.1980,49,50
14499,15.04.1981,50,49
14511,22.12.1982,50,7
14526,24.10.1954,54,49
14527,20.01.1984,68,50
14528,22.01.1984,68,50
14529,18.11.1954,54,37
14538,16.10.1984,50,7
14551,02.10.1955,49,54
14564,20.05.1956,54,49
14612,28.10.1958,40,54
14654,11.06.1961,54,37
14657,21.16.1993,50,38
14659,16.11.1993,50,36
14677,10.06.1962,49,54
14687,12.06.1995,50,133
14692,21.06.1995,50,196
14694,23.06.1995,61,50
14695,02.06.1963,49,54
14701,19.10.1963,10,54
14717,1.10.1964,54,49
14766,25.05.1969,54,49
14770,05.06.1099,15,50
14772,14.09.1969,49,54
14780,03.12.1969,49,54
14800,22.07.1971,60,54
14827,27.08.1972,54,161
14830,31.08.1972,54,9
14832,03.09.1972,54,10
14834,10.09.1972,38,54
14840,13.06.1973,54,44
14868,07.05.1975,54,7
14870,07.06.1975,7,54
14877,15.10.1975,49,54
14901,8.02.2004,50,9
14912,20.04.1977,54,49
14926,09.11.1977,49,54
14930,15.04.1978,54,49
14940,28.10.1978,19,54
14941,15.11.1918,11,54
14946,12.09.1979,54,49
14951,30.04.1980,49,54
14955,27.08.1980,54,52
14958,18.11.1980,10,54
14980,21.04.1983,12,54
15003,09.12.1985,54,184
15055,17.01.1990,158,54
15061,1.09.1991,54,22
15080,1.10.1992,167,54
15097,29.05.1993,22,54
15135,26.03.1921,21,45
15170,28.05.1924,45,49
15231,05.05.1929,45,46
15252,5.11.2000,33,54
15254,01.02.2001,6,54
15255,13.06.1931,49,45
15268,17.04.1932,45,49
15298,31.05.1934,49,45
15349,03.04.1938,45,49
15386,14.09.1946,49,45
15398,10.10.1948,45,49
15431,20.09.1953,49,45
15452,10.05.1956,45,49
15464,20.09.1958,49,45
15512,03.05.1967,45,49
15533,17.11.1970,45,54
15564,24.09.1975,49,45
15572,08.09.1976,36,45
15577,24.05.1977,45,49
15596,26.03.1980,45,49
15606,24.03.1981,49,45
15628,07.09.1983,45,49
15648,27.03.1985,45,49
15664,25.03.1987,45,49
15684,07.06.1989,45,49
15688,25.10.1989,49,45
15706,21.08.1991,49,45
15719,26.01.1993,157,45
15808,12.02.2002,57,45
15809,13.02.2002,45,54
15841,08.09.1908,44,12
15842,20.10.1908,12,44
15846,06.11.1909,12,44
15865,10.06.1914,44,12
15876,17.08.1916,44,151
15894,12.11.1919,44,9
15907,23.07.1921,13,44
15912,13.11.1921,49,44
15916,13.08.1922,44,46
15950,13.06.1926,44,49
15952,03.07.1926,49,44
16041,27.09.1036,15,44
16057,07.08.1938,44,46
16060,03.06.1939,44,36
16145,21.07.1952,44,36
16146,23.07.1952,44,37
16148,01.08.1952,44,11
16218,26.03.1961,49,44
16226,07.04.1962,44,49
16233,12.11.1962,24,44
16235,04.05.1963,54,44
16243,27.10.1963,44,54
16288,19.02.1969,24,44
16308,13.09.1970,36,44
16311,12.03.1971,24,44
16321,14.05.1972,44,49
16330,13.06.1973,54,44
16357,03.09.1975,22,44
16361,08.03.1976,69,44
16380,04.04.1975,10,44
16382,21.05.1978,44,49
16389,04.10.1978,44,49
16402,24.04.1980,44,52
16412,28.02.1981,44,36
16430,06.10.1982,49,44
16439,21.09.1983,44,49
16444,23.02.1984,44,151
16457,01.09.1985,9,44
16459,16.10.1985,49,44
16476,13.10.1987,11,44
16478,13.01.1988,44,10
16512,06.06.1991,44,63
16546,04.05.1994,44,100
16551,24.06.1994,44,41
16555,13.07.1994,60,44
16587,11.02.1997,188,44
16589,13.02.1997,162,44
16748,16.10.2002,44,39
16821,26.01.2005,139,44
16860,17.05.1925,39,48
16892,01.01.1930,48,49
16894,14.06.1930,49,48
16939,26.04.1936,49,48
17091,31.05.1962,49,48
17145,01.10.1967,49,48
17147,22.10.1967,48,49
17256,14.03.1979,49,48
17263,31.01.1980,48,10
17265,16.04.1980,48,49
17277,23.06.1981,139,48
17305,1.04.1984,48,9
17345,24.02.1988,48,49
17359,23.03.1989,48,32
17365,21.02.1990,48,49
17374,14.11.1990,49,48
17383,13.11.1991,48,49
17407,17.06.1994,48,184
17453,18.02.1882,22,12
17455,25.02.1882,55,22
17456,24.02.1883,12,22
17458,17.03.1883,22,55
17460,26.01.1884,22,43
17461,09.02.1884,55,22
17463,23.02.1884,22,12
17464,28.02.1885,12,22
17466,14.03.1885,43,22
17468,11.04.1885,22,55
17469,27.02.1886,55,22
17471,13.03.1886,22,12
17473,20.03.1886,22,43
17475,05.02.1887,12,22
17476,19.02.1887,43,22
17478,12.03.1887,22,55
17482,24.03.1888,22,43
17484,31.03.1888,22,12
17485,02.03.1889,12,22
17487,09.03.1889,43,22
17488,27.04.1889,22,55
17490,08.02.1890,55,22
17492,15.03.1890,22,12
17494,29.03.1890,22,43
17495,07.02.1891,22,55
17497,07.03.1891,12,22
17499,28.03.1891,43,22
17501,27.02.1892,55,22
17503,05.03.1892,22,12
17505,19.03.1892,22,43
17507,25.02.1893,12,22
17508,25.03.1893,43,22
17510,05.04.1893,22,55
17512,24.02.1894,55,22
17514,03.03.1894,22,12
17515,31.03.1894,22,43
17517,09.03.1895,12,22
17519,16.03.1895,22,55
17520,30.03.1895,43,22
17522,29.02.1896,55,22
17523,07.03.1896,22,12
17525,28.03.1896,22,43
17527,20.02.1897,12,22
17528,06.03.1897,22,55
17531,27.03.1897,43,22
17532,19.02.1898,55,22
17534,05.03.1898,22,12
17535,26.03.1898,22,43
17537,18.02.1899,12,22
17539,04.03.1899,22,55
17540,25.03.1899,43,22
17542,24.02.1900,55,22
17544,03.03.1900,22,43
17545,17.03.1900,22,12
17547,23.02.1901,43,22
17549,09.03.1901,12,22
17551,23.03.1901,22,55
17552,22.02.1902,55,22
17556,22.03.1902,22,12
17557,14.02.1903,12,22
17559,21.03.1903,43,22
17561,28.03.1903,22,55
17563,12.03.1904,22,12
17565,21.03.1904,55,22
17566,26.03.1904,22,43
17568,25.02.1905,12,22
17570,18.03.1905,43,22
17571,08.04.1905,22,55
17573,17.02.1906,22,12
17574,17.03.1906,22,43
17576,02.04.1906,55,22
17578,16.02.1907,12,22
17580,23.02.1907,22,55
17583,15.02.1908,22,12
17585,14.03.1908,22,43
17588,13.02.1909,12,22
17590,15.03.1909,43,22
17592,20.03.1909,22,55
17593,12.02.1910,22,12
17595,19.03.1910,22,43
17596,11.04.1910,55,22
17598,28.01.1911,22,55
17600,11.02.1911,12,22
17601,18.03.1911,43,22
17602,10.02.1912,22,12
17604,16.03.1912,22,43
17606,13.04.1912,55,22
17608,18.01.1913,22,55
17610,15.02.1913,22,12
17613,19.01.1914,55,22
17615,14.02.1914,12,22
17617,14.03.1914,22,43
17619,25.10.1919,22,12
17621,14.02.1920,22,55
17623,13.03.1920,43,22
17624,23.10.1920,12,22
17626,26.02.1921,35,43
17628,09.04.1921,55,35
17629,22.10.1921,35,12
17631,04.03.1922,43,35
17633,01.04.1922,35,55
17634,21.10.1922,12,35
17635,03.03.1923,35,43
17636,14.04.1923,55,35
17637,20.10.1923,35,12
17713,20.04.1955,22,55
17728,08.06.1958,35,49
17731,17.06.1958,35,49
17748,17.10.1961,35,19
17767,7.03.1965,35,21
17770,07.05.1965,22,1
17782,28.02.1968,55,22
17784,23.10.1968,35,50
17790,22.10.1969,52,35
17794,15.07.1952,52,7
17796,20.07.1952,52,26
17797,03.02.1971,57,22
17798,22.07.1952,26,52
17804,06.02.1955,158,52
17806,27.02.1955,158,52
17808,06.03.1955,158,52
17823,08.05.1973,35,57
17826,11.07.1956,52,24
17828,31.07.1956,24,52
17830,26.09.1973,35,7
17833,14.11.1973,39,22
17836,29.11.1956,52,159
17838,01.12.1956,52,159
17841,05.12.1956,52,7
17844,16.04.1975,35,26
17854,22.09.1957,54,52
17857,03.03.1976,24,22
17858,24.11.1957,38,52
17871,30.08.1958,49,52
17877,06.09.1959,52,49
17886,06.07.1960,49,52
17905,25.05.1979,35,55
17921,11.06.1980,194,35
17989,18.05.1966,49,52
17992,4.11.1984,35,15
18006,26.02.1986,16,22
18010,23.04.1986,22,95
18029,28.07.1967,38,52
18030,04.08.1967,52,38
18033,23.03.1988,22,38
18048,17.12.1967,61,52
18057,18.05.1990,22,66
18064,05.02.1991,22,38
18081,22.10.1969,52,35
18109,12.06.1994,139,35
18112,19.02.1971,139,52
18147,29.06.1972,52,66
18149,02.07.1972,58,52
18151,06.07.1972,39,52
18159,30.08.1972,52,110
18161,03.09.1972,52,95
18163,05.09.1972,38,52
18165,08.09.1972,52,9
18167,10.09.1972,10,52
18195,20.05.1974,52,49
18213,10.03.1976,49,52
18214,2.06.2001,35,7
18219,24.04.1976,49,52
18221,22.05.1976,52,49
18227,23.07.1976,52,2199
18229,25.07.1976,52,161
18230,21.08.2002,22,57
18231,27.07.1976,10,52
18234,16.10.2002,22,53
18244,1.06.2003,35,48
18250,11.10.2003,19,22
18252,18.02.2004,22,36
18287,26.03.1980,7,52
18289,23.05.1980,52,16
18290,15.06.1980,60,52
18291,12.07.1980,52,9
18292,22.07.1980,52,102
18293,24.07.1980,52,138
18294,27.07.1980,52,169
18298,04.12.1980,58,52
18302,28.10.1981,52,49
18304,29.11.1981,49,52
18321,26.07.1983,11,52
18330,21.01.1985,155,52
18370,27.04.1988,49,52
18459,0.11.1996,47,6
18476,08.02.1999,177,47
18540,09.02.2005,46,49
18541,26.03.2005,46,11
18542,30.03.2005,46,56
18590,1.03.1997,7,46
18628,25.04.2000,46,11
18666,20.08.2003,63,46
18680,02.02.2004,188,46
18686,28.08.1920,49,26
18688,28.10.1921,49,26
18690,28.06.1922,26,49
18694,28.10.1923,49,26
18697,28.09.1924,26,49
18698,28.10.1925,49,26
18702,28.06.1926,26,49
18707,31.07.1927,26,49
18708,28.10.1927,49,26
18712,28.10.1928,49,26
18715,28.06.1929,26,49
18717,28.10.1929,49,26
18731,02.08.1931,26,49
18742,09.10.1932,49,26
18748,06.08.1933,26,49
18756,02.09.1934,49,26
18762,21.06.1935,26,19
18765,06.09.1935,26,49
18774,03.10.1937,49,26
18780,28.08.1938,26,49
18796,29.09.1946,26,49
18800,11.05.1947,49,26
18806,21.06.1948,26,1
18837,15.07.1952,26,158
18838,20.07.1952,26,52
18839,22.07.1952,26,52
18840,25.07.1952,26,9
18841,28.07.1952,26,11
18842,02.08.1952,54,26
18876,30.09.1956,26,49
18878,28.11.1956,26,151
18880,04.12.1956,26,158
18881,08.12.1956,52,26
18885,18.05.1957,49,26
18902,21.10.1959,24,26
18904,15.11.1959,26,19
18909,10.04.1960,26,24
18910,24.04.1960,19,26
18917,26.08.1960,26,68
18918,29.08.1960,26,50
18919,01.09.1960,26,7
18920,05.09.1960,25,26
18921,10.09.1960,26,9
18930,29.11.1961,162,26
18939,13.06.1962,49,26
18952,18.03.1964,7,26
18953,01.04.1964,26,7
18954,17.05.1964,49,26
18959,13.10.1964,26,95
18960,15.10.1964,54,26
18961,18.10.1964,10,26
18962,20.10.1964,162,26
18963,22.10.1964,40,26
18981,19.10.1966,26,49
18982,66.11.1966,7,26
18991,27.04.1968,49,26
19033,06.07.1972,26,49
19057,16.04.1975,35,26
19126,13.06.1984,5,26
19134,29.01.1985,26,155
19135,01.02.1985,26,184
19191,08.08.1991,49,26
19199,31.01.1995,157,26
19200,04.02.1995,26,184
19216,10.02.1997,26,157
19250,09.10.1999,27,26
19252,28.03.2000,26,155
19264,14.01.2001,26,6
19265,16.01.2001,26,153
19266,20.01.2001,26,40
19267,23.01.2001,26,162
19288,12.10.2002,25,26
19289,16.10.2002,26,15
19291,12.02.2003,26,4
19313,08.06.2005,25,3215
19334,26.01.1884,22,43
19337,14.03.1885,43,22
19340,20.03.1886,22,43
19343,19.02.1887,43,22
19348,24.03.1888,22,43
19349,09.03.1889,43,22
19353,29.03.1890,22,43
19356,28.03.1891,43,22
19357,04.04.1891,12,43
19358,19.03.1892,22,43
19362,25.03.1893,43,22
19365,31.03.1894,22,43
19368,30.03.1895,43,22
19371,28.03.1896,22,43
19374,27.03.1897,43,22
19377,26.03.1898,22,43
19380,25.03.1899,43,22
19383,03.03.1900,22,43
19385,23.02.1901,43,22
19388,01.03.1902,22,43
19392,21.03.1903,43,22
19395,26.03.1904,22,43
19398,18.03.1905,43,22
19401,17.03.1906,22,43
19404,16.03.1907,43,22
19407,14.03.1908,22,43
19410,15.03.1909,43,22
19413,19.03.1910,22,43
19416,18.03.1911,43,22
19422,15.03.1913,22,43
19425,14.03.1914,22,43
19431,26.02.1921,22,43
19434,04.03.1922,43,22
19457,26.05.1929,36,43
19492,15.05.1937,49,43
19495,08.12.1937,43,49
19519,15.04.1950,43,12
19585,04.11.1959,43,55
19596,14.05.1961,49,43
19597,26.09.1961,43,49
19653,1.11.1970,43,9
19669,02.07.1972,49,43
19679,26.09.1973,43,49
19680,17.10.1973,49,43
19708,13.10.1976,49,43
19718,21.09.1977,43,49
19740,16.05.1980,22,43
19764,13.11.1982,43,10
19933,10.05.2002,184,43
19966,23.08.1986,42,136
20041,03.07.1912,36,41
20047,16.08.1992,41,139
20051,18.02.1993,41,129
20068,24.06.1994,44,41
20086,1.02.1996,41,47
20223,06.06.1933,40,19
20225,24.09.1933,40,54
20282,21.09.1947,40,49
20288,04.07.1948,40,49
20303,14.06.1953,49,40
20329,19.07.1959,52,40
20330,02.08.1959,40,52
20332,08.11.1959,40,7
20333,01.05.1960,7,40
20334,22.05.1960,40,49
20335,29.05.1960,49,40
20423,21.05.1972,40,9
20443,31.03.1975,49,40
20447,04.06.1975,40,9
20448,18.06.1975,9,40
20453,03.12.1975,16,40
20455,14.04.1976,40,21
20467,14.08.1977,40,49
20526,15.05.1983,40,49
20786,18.05.1938,49,22
20883,07.10.1969,49,22
20911,11.03.1975,22,11
20936,26.09.1979,49,22
20946,28.10.1980,16,22
20950,29.04.1981,22,49
20951,21.05.1981,11,22
21356,16.03.1934,68,58
21358,06.04.1934,58,68
21360,22.01.1938,58,19
21361,20.02.1938,19,58
21363,27.04.1940,58,171
21386,11.07.1956,52,24
21387,31.07.1956,24,52
21393,12.09.1956,24,192
21395,08.10.1957,24,16
21408,21.10.1959,24,26
21411,05.12.1959,161,24
21413,08.12.1959,158,24
21417,12.12.1959,24,161
21419,14.12.1959,158,24
21423,06.03.1960,24,19
21425,03.04.1960,19,24
21426,10.04.1960,26,24
21428,22.05.1960,24,12
21430,7.10.1960,184,24
21432,19.10.1960,24,192
21437,27.11.1960,24,57
21449,09.11.1961,12,24
21457,17.10.1962,24,37
21458,12.11.1962,24,44
21464,29.12.1963,192,24
21468,17.03.1964,24,192
21470,17.05.1964,24,12
21492,06.04.1966,24,15
21499,19.10.1966,21,24
21501,22.10.1966,45,24
21508,16.05.1967,24,43
21510,07.09.1967,21,24
21536,13.10.1968,24,82
21538,15.10.1968,24,129
21540,17.10.1968,54,24
21542,20.10.1968,7,24
21550,28.05.1969,19,24
21554,02.09.1969,11,24
21564,14.01.1970,24,40
21566,20.01.1970,24,40
21579,17.02.1971,25,24
21590,07.03.1972,24,25
21594,28.03.1972,24,158
21596,30.03.1972,24,159
21628,15.09.1974,161,24
21632,06.01.1975,24,151
21634,15.01.1975,24,151
21637,03.02.1976,24,9
21641,31.03.1976,24,162
21642,04.04.1976,184,24
21644,11.04.1976,24,162
21647,28.04.1976,24,184
21649,19.07.1976,131,24
21650,21.07.1976,139,24
21652,23.07.1976,16,24
21653,25.07.1976,60,24
21661,29.12.1976,24,11
21668,27.02.1977,24,184
21670,06.03.1977,24,162
21672,10.03.1977,24,162
21674,20.03.1977,184,24
21679,18.04.1978,24,21
21688,28.03.1979,24,5
21690,09.05.1979,48,24
21692,26.09.1979,24,48
21694,04.10.1979,21,24
21696,10.10.1979,5,24
21697,31.10.1979,24,21
21718,15.02.1983,24,5
21720,08.08.1983,11,24
21724,30.10.1983,24,39
21728,20.11.1983,24,11
21730,11.01.1984,39,24
21755,8.10.1985,24,194
21795,09.03.1988,196,24
21797,13.03.1988,24,187
21801,23.03.1988,24,187
21803,27.03.1988,196,24
21810,1.01.1989,32,24
21831,09.10.1990,52,24
21840,08.08.1992,23,24
21853,7.02.1993,24,16
21899,1.10.1995,24,4
21913,31.03.1997,31,24
21916,18.06.1997,151,24
22097,26.02.1922,25,49
22109,27.05.1923,49,25
22138,17.01.1926,25,49
22148,28.10.1926,49,25
22153,20.02.1927,25,49
22161,23.10.1927,49,25
22190,03.03.1929,25,49
22220,15.11.1931,25,49
22232,28.10.1932,49,25
22242,07.05.1933,25,49
22262,10.06.1934,25,49
22272,28.10.1935,49,25
22358,14.12.1947,25,49
22397,16.07.1952,25,151
22400,21.07.1952,54,25
22406,26.04.1953,49,25
22411,13.12.1953,25,49
22417,14.06.1954,45,25
22433,08.09.1972,38,95
22460,13.12.1958,25,49
22466,01.11.1959,49,25
22495,1.11.1962,37,25
22510,11.04.1964,25,49
22547,6.07.1966,52,25
22646,4.06.1973,25,12
22683,23.05.1976,151,25
22738,08.11.1978,49,25
22763,21.06.1980,25,49
22814,13.11.1982,25,49
22827,16.11.1983,49,25
22835,07.04.1984,25,46
22952,19.06.1990,25,49
23041,01.06.1992,166,189
23047,16.07.1992,166,190
23050,14.09.1992,189,166
23053,26.09.1992,168,166
23056,14.10.1992,190,166
23059,25.10.1992,166,168
23091,24.01.1996,25,55
23111,1.10.1997,166,184
23141,10.12.2000,191,166
23242,1.10.2000,25,17
23261,08.11.2001,162,25
23274,1.02.2004,38,14
23282,12.10.2002,25,26
23323,24.07.1914,36,41
23348,28.08.1920,36,12
23349,29.08.1920,49,36
23367,30.08.1924,15,36
23371,1.06.1925,9,36
23404,28.05.1933,36,55
23406,20.06.1933,36,54
23410,08.06.1934,36,37
23414,31.05.1935,36,54
23446,03.06.1939,44,36
23447,13.06.1939,44,36
23486,15.05.1951,12,36
23496,21.07.1952,44,36
23500,19.05.1953,36,12
23515,07.07.1954,23,36
23540,1.09.1957,15,36
23554,02.07.1959,9,36
23555,07.07.1959,23,36
23556,21.08.1959,36,23
23557,13.09.1959,36,9
23618,27.06.1927,28,30
23625,30.10.1965,44,36
23695,13.05.1970,36,49
23717,21.07.1971,36,12
23748,02.08.1973,23,36
23756,04.11.1973,31,36
23769,15.05.1975,15,36
23773,18.06.1975,36,15
23778,07.07.1975,23,36
23779,07.07.1975,36,23
23795,24.06.1975,36,9
23831,16.05.1979,22,36
23832,31.05.1979,36,22
23838,09.08.1979,15,36
23846,26.09.1979,36,11
23848,26.10.1979,36,15
23852,14.11.1979,11,36
23854,23.05.1980,36,7
23900,19.05.1983,9,36
23902,01.06.1983,36,54
23904,15.06.1983,15,36
23906,30.06.1983,36,38
23910,17.08.1983,36,9
23917,26.10.1983,36,15
23919,29.10.1983,36,11
23921,09.11.1983,38,36
23923,12.11.1983,11,36
23933,29.07.1984,36,61
23934,31.07.1984,16,36
23936,02.08.1984,167,36
23948,17.12.1984,68,36
23949,20.12.1984,68,36
23987,14.10.1986,36,52
23991,08.11.1986,45,36
23994,06.05.1987,36,50
23996,26.05.1987,36,7
24006,12.08.1987,52,36
24007,26.08.1987,36,45
24017,14.11.1987,7,36
24019,18.11.1987,50,36
24021,26.04.1988,44,36
24036,04.11.1988,49,36
24063,66.06.1990,36,9
24190,28.02.2000,35,36
24203,11.05.2002,36,162
24209,26.11.2002,37,36
24225,25.01.2001,36,133
24234,06.06.1982,29,155
24235,07.06.1984,29,37
24274,02.07.1991,34,17
24276,20.05.1992,34,30
24278,18.08.1992,34,178
24280,20.08.1992,34,110
24282,24.08.1992,164,34
24284,26.08.1992,160,34
24286,28.08.1992,34,88
24289,14.10.1992,3,34
24295,02.09.1994,34,4
24322,27.04.2004,42,29
24455,08.07.1937,30,40
24461,29.06.1938,30,54
24467,11.08.1940,30,13
24468,06.09.1940,28,30
24469,07.09.1940,30,13
24470,13.10.1940,30,28
24471,30.06.1945,28,30
24472,05.09.1945,30,13
24473,17.09.1945,13,30
24474,28.09.1947,28,30
24475,05.10.1947,30,28
24476,12.10.1947,30,13
24478,27.09.1948,30,13
24480,25.10.1949,30,28
24484,10.08.1956,30,13
24485,12.08.1956,30,34
24486,25.05.1966,30,91
24488,22.07.1979,17,30
24489,24.07.1979,30,4
24490,28.07.1979,30,53
24491,30.07.1979,41,30
24492,01.08.1979,30,56
24493,05.08.1979,41,30
24494,27.05.1990,17,30
24495,15.11.1991,30,13
24496,17.11.1991,30,28
24497,25.03.1992,38,30
24500,20.05.1992,34,30
24504,20.07.1992,30,56
24508,14.10.1992,30,46
24511,30.03.1993,46,30
24520,17.06.1993,30,22
24596,14.02.1997,30,38
24599,15.02.1997,30,28
24601,17.02.1997,57,30
24607,1.06.1997,23,30
25469,21.10.1917,58,61
25474,20.09.1920,61,58
25523,28.02.1945,61,60
25652,12.10.1965,61,62
25676,17.12.1967,61,52
25689,25.06.1969,10,61
25706,26.01.1972,139,61
25713,27.09.1972,58,61
25781,22.05.1982,61,22
25815,17.10.1985,61,66
25830,3.05.1988,19,61
25864,17.10.1990,61,60
25890,29.03.1994,181,61
25902,18.06.1995,61,64
25907,1.10.1995,61,136
25908,03.02.1996,59,61
25911,23.04.1996,61,194
25915,26.08.1996,126,61
25979,22.03.2001,133,61
25984,11.07.2001,61,62
25986,17.07.2001,63,61
25990,04.09.2001,61,67
25995,30.03.2003,61,65
25996,02.04.2003,65,61
25997,30.04.2003,61,126
25999,11.06.2003,133,61
26002,09.09.2003,61,65
26004,18.11.2003,61,64
26005,18.02.2004,139,61
26009,06.06.2004,61,60
26010,08.07.2004,60,61
26013,05.09.2004,61,63
26015,13.10.2004,61,58
26016,17.11.2004,65,61
26017,09.02.2005,61,62
26018,26.03.2005,61,66
26020,04.06.2005,61,59
26021,08.06.2005,61,67
26025,12.10.2005,61,62
26033,19.09.1888,43,136
26040,04.08.1924,196,136
26044,25.06.1927,196,136
26050,03.07.1957,139,136
26052,06.10.1968,136,124
26053,17.10.1968,136,151
26054,20.10.1968,124,136
26055,27.10.1968,151,136
26056,20.08.1972,136,151
26057,24.08.1972,136,139
26058,29.08.1972,151,136
26060,06.09.1972,139,136
26068,28.10.1974,54,136
26073,29.07.1975,136,11
26075,06.08.1975,136,54
26076,10.08.1975,136,54
26077,24.09.1976,136,151
26078,10.10.1976,136,139
26079,20.10.1976,151,136
26080,27.10.1976,139,136
26081,22.12.1976,136,151
26083,08.10.1977,129,136
26085,16.10.1977,136,131
26086,20.10.1977,136,132
26087,22.10.1977,139,136
26090,18.10.1980,136,139
26091,25.10.1980,151,136
26092,01.11.1980,136,151
26095,16.11.1980,139,136
26097,02.11.1981,136,129
26098,06.11.1981,132,136
26100,15.11.1981,139,136
26101,21.11.1981,138,136
26108,28.03.1984,132,136
26111,16.10.1984,69,136
26115,02.11.1984,68,136
26118,17.03.1985,134,136
26123,13.04.1985,136,132
26124,20.04.1985,136,131
26125,05.05.1985,131,136
26126,08.05.1985,132,136
26128,09.06.1985,160,136
26129,17.08.1985,136,126
26131,01.09.1985,126,136
26132,14.09.1985,136,133
26150,30.09.1987,129,136
26151,02.10.1987,133,136
26153,18.02.1988,124,136
26154,26.03.1988,65,136
26157,07.04.1988,134,136
26161,28.05.1988,136,19
26165,09.10.1988,131,136
26166,15.10.1988,136,131
26175,13.06.1992,136,157
26197,31.07.1993,136,194
26198,15.08.1993,194,136
26204,24.01.1995,136,9
26241,06.10.1999,136,138
26243,10.10.1999,136,132
26279,14.07.2003,138,136
26286,16.06.2004,136,123
26287,18.08.2004,136,131
26288,04.09.2004,136,133
26291,13.10.2004,136,126
26292,17.11.2004,131,136
26296,07.07.2005,126,136
26298,12.07.2005,136,138
26301,22.01.2006,151,136
26307,01.06.2007,67,136
26308,06.06.2007,126,136
26309,09.06.2007,136,3211
26310,11.06.2007,132,136
26320,13.08.1938,63,67
26353,01.04.1957,63,62
26399,07.06.1972,63,65
26427,29.06.1979,63,48
26428,08.07.1979,63,48
26445,14.02.1983,63,38
26447,17.07.1983,63,38
26454,26.07.1984,63,65
26551,09.02.1994,181,63
26555,03.03.1994,139,63
26562,18.06.1994,40,63
26563,22.06.1994,151,63
26581,30.11.1995,139,63
26610,7.09.1997,63,129
26630,01.07.1999,64,63
26660,11.07.2001,63,67
26661,14.07.2001,63,62
26662,17.07.2001,63,61
26663,23.07.2001,63,65
26668,05.09.2001,63,62
26678,30.04.2003,63,133
26679,08.06.2003,63,62
26688,20.08.2003,63,46
26692,19.11.2003,63,58
26693,18.02.2004,133,63
26694,31.03.2004,65,63
26695,28.04.2004,63,129
26698,27.06.2004,63,58
26699,06.07.2004,63,67
26701,12.07.2004,65,63
26702,17.07.2004,63,126
26703,20.07.2004,58,63
26704,24.07.2004,66,63
26708,17.11.2004,63,59
26714,30.03.2005,58,63
26718,06.07.2005,143,63
26722,21.07.2005,143,63
26724,12.10.2005,64,63
26739,3.09.1908,58,66
26789,21.10.1917,58,61
26813,20.09.1920,61,58
26824,22.10.1922,60,58
26835,28.10.1923,58,64
26848,28.09.1924,58,66
26871,29.05.1928,58,151
26897,19.05.1932,66,58
26902,18.07.1934,66,58
26926,18.02.1940,58,64
26928,25.02.1940,58,64
26935,15.08.1940,58,66
26966,09.07.1945,64,58
26990,14.05.1953,58,12
27014,19.08.1956,58,49
27017,05.12.1956,60,58
27023,06.04.1957,65,58
27039,15.06.1958,49,58
27069,19.06.1961,49,58
27083,20.03.1963,58,114
27109,17.07.1966,58,48
27120,12.10.1967,64,58
27136,11.06.1960,58,61
27142,08.03.1971,60,58
27161,02.07.1972,58,52
27164,27.09.1972,58,61
27172,03.07.1973,58,61
27197,21.08.1975,58,151
27198,28.08.1975,58,126
27199,31.08.1975,139,58
27228,19.04.1978,58,22
27241,29.05.1979,22,58
27244,02.08.1079,60,58
27245,08.08.1979,58,59
27256,04.12.1980,58,52
27261,11.11.1981,58,49
27262,09.03.1982,58,49
27280,12.01.1984,58,40
27284,24.01.1984,58,54
27323,11.03.1988,52,58
27331,13.04.1989,114,58
27367,31.05.1992,162,58
27422,20.06.1996,58,38
27441,10.11.1997,58,63
27487,05.09.2001,58,60
27499,04.02.2003,58,139
27505,16.07.2003,58,66
27509,15.11.2003,58,59
27510,19.11.2003,63,58
27511,30.03.2004,58,62
27513,02.06.2004,60,58
27515,27.06.2004,63,58
27516,30.06.2004,58,65
27517,07.07.2004,58,62
27518,10.07.2004,139,58
27519,13.07.2004,58,66
27524,04.09.2004,65,58
27526,13.10.2004,61,58
27527,17.11.2004,58,67
27529,09.03.2005,58,139
27531,30.03.2005,58,63
27533,08.06.2005,58,60
27542,12.10.2005,66,58
27550,24.06.2006,58,21
27552,15.07.1952,52,7
27553,20.07.1952,52,26
27648,06.06.1966,52,16
27951,13.08.1938,63,67
27956,17.12.1946,143,67
27960,05.01.1948,67,59
27961,05.03.1951,126,67
27962,17.03.1955,67,10402
27964,31.08.1964,67,139
27968,01.06.1965,67,65
27976,06.08.1969,67,64
27981,02.06.1972,67,63
27986,16.12.1973,67,128
27987,30.07.1975,67,60
28000,01.07.1980,67,126
28002,11.01.1981,21,67
28003,18.01.1981,67,21
28014,24.02.1985,67,59
28015,22.04.1985,59,67
28025,29.03.1989,67,64
28032,30.07.1989,67,60
28043,07.06.1993,16,67
28045,5.06.1993,62,67
28051,8.08.1993,62,67
28073,18.09.1996,129,67
28103,25.08.1999,59,67
28106,22.03.2000,139,67
28122,19.04.2001,126,67
28125,11.07.2001,63,67
28127,17.07.2001,62,67
28129,04.09.2001,61,67
28133,13.01.2002,67,85
28135,03.03.2002,95,67
28144,26.06.2003,65,67
28149,09.09.2003,67,58
28151,18.11.2003,67,59
28153,10.03.2004,67,133
28154,31.03.2004,66,67
28156,01.06.2004,67,61
28158,06.07.2004,63,67
28159,09.07.2004,65,67
28160,12.07.2004,67,59
28162,05.09.2004,64,67
28163,09.10.2004,67,60
28164,14.10.2004,67,62
28165,17.11.2004,58,67
28167,09.02.2005,67,13
28168,26.03.2005,67,63
28171,04.06.2005,67,66
28172,08.06.2005,61,67
28173,17.08.2005,62,67
28174,03.09.2005,67,65
28176,12.10.2005,60,67
28177,01.03.2006,67,63
28178,05.05.2006,139,67
28179,26.05.2006,151,67
28180,16.08.2006,67,133
28183,27.09.2006,67,66
28185,35.11.2006,67,131
28198,08.08.1936,65,37
28206,14.08.1938,65,59
28223,01.02.1942,66,65
28230,25.12.1947,66,65
28274,06.04.1957,65,58
28306,28.07.1967,65,162
28307,30.07.1967,65,162
28317,09.04.1669,60,65
28328,17.08.1969,65,59
28330,04.02.1970,65,49
28331,07.02.1970,65,49
28332,09.02.1070,65,40
28379,16.07.1975,61,65
28408,22.04.1078,65,155
28428,04.02.1981,65,49
28429,11.02.1981,65,7
28441,16.05.1982,65,40
28452,04.09.1083,65,59
28458,26.07.1984,63,65
28464,27.02.1995,66,65
28479,29.10.1985,61,65
28492,14.12.1908,66,65
28516,06.17.1991,64,65
28520,25.11.1992,65,62
28541,03.05.1094,65,63
28587,16.11.1907,65,64
28591,17.02.1990,62,65
28593,06.06.1990,162,65
28621,12.07.2001,65,64
28623,18.07.2001,65,139
28624,23.07.2001,63,65
28626,04.09.2001,65,66
28631,30.03.2003,61,65
28632,02.04.2003,65,61
28633,30.04.2003,65,64
28634,11.06.2003,62,65
28635,26.06.2003,65,67
28638,30.07.2003,66,65
28639,20.08.2003,65,139
28641,06.09.2003,65,64
28642,09.09.2003,61,65
28646,31.03.2004,65,63
28648,01.06.2004,66,65
28650,30.06.2004,58,65
28651,06.07.2004,65,59
28652,09.07.2004,65,67
28653,12.07.2004,65,63
28654,17.07.2004,65,58
28655,04.09.2004,65,58
28658,17.11.2004,65,61
28660,30.03.2005,65,62
28664,07.06.2005,65,66
28665,17.08.2005,65,61
28666,03.09.2005,67,65
28667,09.10.2005,58,65
28668,12.10.2005,65,59
28669,10.05.2006,149,65
28670,16.08.2006,65,143
28671,06.09.2006,65,62
28672,07.10.2006,61,65
28673,11.10.2006,65,61
28674,15.11.2006,134,65
28694,28.10.1923,58,64
28743,18.02.1940,58,64
28744,25.02.1940,58,64
28745,1.01.1942,58,64
28756,09.07.1945,64,58
28813,10.06.1957,64,59
28842,12.07.1960,66,64
28893,25.07.1968,64,60
28894,28.07.1968,64,60
28920,21.06.1972,26,64
28933,06.07.1975,59,64
29017,11.02.1986,157,64
29024,20.05.1986,64,9
29031,24.06.1987,60,64
29037,17.09.1988,129,64
29043,15.03.1989,3210,64
29044,17.03.1989,3211,64
29048,29.03.1989,67,64
29057,07.07.1089,64,67
29067,14.06.1091,59,64
29087,14.05.1905,59,64
29091,18.06.1995,61,64
29100,21.04.1996,64,6
29103,26.06.1996,64,3
29129,28.03.1998,63,64
29141,03.03.1909,131,64
29187,12.07.2001,64,65
29190,15.07.2001,64,139
29192,18.07.2001,60,64
29196,05.09.2001,64,59
29228,26.03.2003,64,139
29230,29.03.2003,126,64
29232,02.04.2003,133,64
29235,30.04.2003,65,64
29240,25.04.1949,59,62
29249,06.09.2003,65,64
29256,8.11.2003,61,64
29258,31.03.2004,64,60
29266,08.07.2004,64,126
29268,11.07.2004,64,61
29270,14.07.2004,64,60
29274,01.04.1957,63,62
29275,05.09.2004,64,67
29287,26.03.2005,62,64
29289,30.03.2005,64,61
29291,04.05.2005,62,64
29295,08.06.2005,64,59
29303,12.10.2005,64,63
29309,12.10.1965,61,62
29310,29.03.2006,139,64
29319,20.07.1969,66,62
29327,15.11.2006,61,64
29355,3.02.1977,62,64
29368,28.01.1981,62,7
29382,04.12.1984,139,62
29385,12.12.1984,129,62
29387,10.02.1985,62,10
29399,15.04.1987,65,62
29418,03.04.1989,62,58
29481,06.03.1996,162,62
29513,31.01.1999,62,9
29550,11.07.2001,61,62
29551,14.07.2001,63,62
29552,17.07.2001,62,67
29554,05.09.2001,63,62
29574,12.02.2003,62,13
29576,08.06.2003,63,62
29577,11.06.2003,62,65
29578,20.08.2003,62,131
29580,10.09.2003,60,62
29584,30.03.2004,58,62
29585,28.04.2004,62,133
29588,07.07.2004,58,62
29589,10.07.2004,66,62
29590,13.07.2004,139,62
29593,14.10.2004,67,62
29600,09.02.2005,61,62
29603,30.03.2005,65,62
29604,04.05.2005,62,64
29608,17.08.2005,62,67
29611,12.10.2005,61,62
29621,14.06.2006,62,126
29636,25.05.1919,60,66
29650,22.10.1922,60,58
29676,1.02.1937,58,60
29678,12.06.1938,60,49
29679,14.06.1938,60,49
29695,01.02.1942,60,62
29704,28.02.1945,61,60
29726,1.05.1949,60,64
29731,17.05.1950,60,66
29774,21.04.1956,49,60
29783,05.08.1956,60,49
29784,08.08.1956,60,49
29787,23.03.1957,60,63
29832,10.05.1960,9,60
29851,02.06.1962,60,49
29855,17.06.1962,60,49
29886,21.11.1965,60,54
29897,12.06.1966,60,49
29898,15.06.1966,60,49
29912,23.06.1968,49,60
29918,25.07.1968,64,60
29919,28.07.1968,64,60
29942,26.04.1970,60,7
29944,03.06.1970,60,49
29953,14.07.1971,60,49
29960,28.06.1972,60,49
29974,07.04.1974,60,49
29989,30.07.1975,67,60
30018,1.04.1978,16,60
30022,17.05.1978,60,49
30039,15.06.1980,60,52
30058,09.05.1981,10,60
30061,23.09.1981,60,22
30064,03.03.1982,60,49
30120,24.06.1987,60,64
30148,30.07.1989,67,60
30163,17.10.1990,61,60
30172,13.01.1991,63,60
30179,18.12.1991,60,49
30208,9.09.1993,60,66
30232,14.08.1938,65,59
30234,13.07.1994,60,44
30251,1.06.1995,12,60
30258,30.01.1947,62,59
30271,05.01.1948,59,67
30272,27.09.1995,60,40
30288,27.03.1996,60,82
30305,10.06.1957,64,59
30307,12.06.1957,64,59
30322,1.03.1959,58,59
30336,0.09.1997,60,62
30363,15.02.1998,60,134
30365,26.03.1998,11,60
30375,17.08.1969,65,59
30450,08.08.1979,58,59
30463,30.01.1980,59,15
30469,25.01.1981,59,46
30475,09.02.1981,59,40
30484,12.07.2001,139,60
30488,18.07.2001,60,64
30490,23.07.2001,133,60
30496,05.09.2001,58,60
30507,24.02.1985,67,59
30544,30.04.2003,139,60
30557,15.07.2003,60,133
30559,19.07.2003,60,63
30561,23.07.2003,151,60
30564,19.01.1993,2199,59
30566,23.01.1993,40,59
30567,25.01.1993,41,59
30568,10.09.2003,60,62
30569,29.01.1993,59,133
30574,19.11.2003,60,66
30578,31.03.2004,64,60
30584,02.06.2004,60,58
30586,06.06.2004,61,60
30588,08.07.2004,60,61
30592,14.07.2004,64,60
30595,18.07.2004,60,139
30596,21.01.2004,60,66
30599,8.08.1993,59,66
30607,09.10.2004,67,60
30608,10.09.1993,62,59
30609,13.10.2004,60,63
30618,30.03.2005,66,60
30620,27.04.2005,60,131
30624,08.06.2005,58,60
30634,23.06.1994,59,184
30644,12.10.2005,60,67
30651,05.06.2006,60,196
30658,03.02.1996,59,61
30703,11.03.1990,139,59
30713,25.08.1999,59,67
30734,13.07.2001,66,59
30735,16.07.2001,133,59
30738,05.09.2001,64,59
30753,15.11.2003,58,59
30754,18.11.2003,67,59
30758,06.07.2004,65,59
30759,09.07.2004,63,59
30760,12.07.2004,59,67
30765,17.11.2004,63,59
30769,08.06.2005,64,59
30772,12.10.2005,65,59
30795,25.09.1937,139,151
30808,26.05.1950,139,48
30809,28.05.1950,139,48
30811,29.06.1950,26,139
30828,17.03.1956,139,61
30832,03.07.1957,139,136
30846,19.03.1960,126,139
30851,05.04.1961,139,21
30854,29.04.1961,49,139
30857,21.05.1961,21,139
30866,03.06.1462,48,139
30867,07.06.1962,139,49
30868,24.03.1963,21,139
30869,28.03.1963,139,134
30870,30.03.1963,139,126
30875,28.03.1965,139,129
30876,01.04.1965,139,21
30877,04.04.1965,139,132
30878,06.04.1965,139,126
30879,11.04.1965,131,139
30887,18.06.1966,45,139
30888,22.06.1966,22,139
30889,26.06.1966,25,139
30894,08.01.1967,139,45
30895,06.03.1967,139,141
30896,10.03.1967,139,131
30897,12.03.1967,139,149
30898,14.03.1967,139,132
30899,19.03.1967,133,139
30902,06.12.1967,139,54
30903,08.12.1967,139,54
30904,23.01.1968,139,63
30905,30.01.1968,139,63
30909,26.03.1968,139,162
30915,29.09.1968,139,72
30916,06.10.1968,139,49
30938,03.06.1969,139,12
30941,27.11.1969,134,139
30942,30.11.1969,126,139
30943,02.12.1969,131,139
30944,04.12.1969,21,139
30945,07.12.1969,149,139
30955,22.04.1970,139,40
30956,26.04.1970,139,40
30957,29.04.1970,139,62
30963,01.12.1970,139,194
30965,19.02.1971,139,52
30970,18.09.1971,11,139
30974,06.10.1971,124,139
30975,13.10.1971,139,124
30976,21.11.1971,132,139
30977,26.11.1971,149,139
30978,28.11.1971,139,138
30979,02.12.1971,139,126
30980,04.12.1971,139,133
30986,24.08.1972,136,139
30987,03.09.1972,139,151
30988,06.09.1972,139,136
30989,10.09.1972,151,139
30996,30.11.1973,139,131
30997,03.12.1973,139,133
30998,08.12.1973,139,21
30999,14.12.1973,149,139
31000,18.12.1973,132,139
31004,01.08.1975,11,139
31005,03.08.1975,10,139
31006,06.08.1975,10,139
31009,31.08.1975,139,58
31011,06.01.1976,139,54
31013,03.10.1976,151,139
31014,10.10.1976,136,139
31015,15.10.1976,139,151
31016,27.10.1976,139,136
31024,09.10.1977,139,132
31025,12.10.1977,139,129
31027,19.10.1977,139,131
31028,22.10.1977,139,136
31037,06.01.1979,139,52
31038,31.01.1979,139,52
31039,08.02.1979,139,52
31040,10.06.1979,139,48
31045,22.01.1980,139,49
31046,28.02.1980,139,184
31056,02.09.1980,199,139
31057,18.10.1980,136,139
31058,09.11.1980,139,151
31059,16.11.1980,139,136
31060,23.11.1980,151,139
31062,10.02.1981,139,184
31063,23.06.1981,139,48
31064,01.11.1981,139,138
31065,06.11.1981,139,129
31066,11.11.1981,139,132
31067,15.11.1981,139,136
31068,22.11.1981,133,139
31074,29.11.1983,3210,139
31076,24.01.1984,139,67
31092,04.12.1984,139,62
31099,25.08.1985,139,61
31100,28.08.1985,7,139
31103,11.10.1985,91,139
31104,15.10.1985,4103,139
31105,18.10.1985,164,139
31106,20.10.1985,68,139
31107,22.10.1935,191,139
31108,25.10.1985,169,139
31111,02.12.1985,139,184
31115,15.02.1986,139,10
31117,06.03.1986,139,9
31127,17.03.1987,139,155
31129,01.04.1987,124,139
31130,28.04.1987,139,121
31131,13.05.1987,139,124
31133,02.12.1987,139,3209
31134,13.01.1988,133,139
31135,03.02.1988,139,131
31136,14.02.1988,131,139
31137,29.03.1988,139,129
31139,26.04.1988,139,133
31143,10.08.1989,139,184
31147,10.05.1990,139,151
31166,08.03.1992,139,51
31167,11.03.1992,139,51
31171,16.08.1992,41,139
31240,30.11.1995,139,63
31247,18.05.1996,139,46
31299,29.05.1928,58,151
31302,15.02.1998,151,139
31317,25.09.1937,139,151
31326,19.06.1949,151,43
31337,29.06.1950,151,12
31338,16.02.1999,157,139
31348,03.04.1954,132,151
31349,04.04.1954,132,151
31380,17.10.1968,136,151
31387,27.10.1968,151,136
31389,03.11.1968,151,124
31391,10.11.1968,124,151
31393,20.04.1969,132,151
31394,19.01.2000,139,40
31395,11.05.1969,151,132
31396,20.08.1972,136,151
31398,29.08.1972,151,136
31400,03.09.1972,139,151
31402,10.09.1972,151,139
31435,21.08.1975,58,151
31439,24.09.1976,136,151
31440,03.10.1976,151,139
31442,15.10.1976,139,151
31444,20.10.1976,151,136
31451,22.12.1976,136,151
31470,12.07.2001,139,60
31472,15.07.2001,139,64
31474,18.07.2001,65,139
31478,25.07.2001,66,139
31488,04.10.1980,31,151
31492,25.10.1980,151,136
31494,01.11.1980,136,151
31496,09.11.1980,139,151
31498,23.11.1980,151,139
31506,29.09.1984,21,151
31507,06.10.1984,151,21
31524,04.02.2003,58,139
31526,12.02.2003,139,63
31527,15.05.1985,151,149
31529,19.05.1985,151,149
31530,26.03.2003,139,64
31531,26.05.1985,126,151
31532,30.04.2003,139,60
31533,31.05.1985,151,126
31535,08.05.2003,151,139
31541,17.07.2003,139,133
31550,20.08.2003,65,139
31552,15.10.2003,66,139
31554,19.11.2003,139,23
31556,18.02.2004,139,61
31561,31.03.2004,139,126
31563,28.04.2004,151,139
31564,19.06.1988,100,151
31565,19.06.2004,128,139
31567,24.07.1988,134,151
31569,13.08.1988,151,134
31571,16.04.1989,126,151
31572,10.07.2004,139,58
31573,30.04.1989,151,126
31575,13.05.1989,151,149
31576,18.07.2004,60,139
31578,08.09.2004,149,139
31579,17.06.1989,151,131
31584,17.09.1989,129,151
31585,13.10.2004,139,149
31586,08.10.1989,131,151
31588,05.11.1989,151,129
31592,19.11.1989,149,151
31594,17.11.2004,139,145
31596,26.01.2005,139,44
31598,09.02.2005,126,139
31603,09.03.2005,58,139
31607,30.03.2005,143,139
31608,27.04.2005,139,38
31611,04.06.2005,131,139
31613,08.06.2005,139,149
31618,10.06.1990,49,151
31624,28.07.1990,151,10
31625,08.07.2005,109,139
31629,13.07.2005,139,134
31633,17.08.2005,139,126
31636,03.09.2005,151,139
31638,07.09.2005,139,143
31640,08.10.2005,139,131
31643,12.10.2005,149,139
31647,16.11.2005,139,7
31649,14.12.2005,139,54
31653,15.02.2006,139,184
31655,01.03.2006,139,82
31658,29.03.2006,139,64
31660,05.05.2006,139,67
31662,12.05.2006,139,88
31677,07.02.2007,151,139
31678,8.03.1992,95,151
31679,28.02.2007,139,67
31694,13.06.2007,139,143
31698,21.06.2007,139,3211
31702,27.06.2007,139,60
31704,01.07.2007,139,62
31706,04.07.2007,139,61
31710,11.07.2007,139,58
31741,05.12.1993,151,129
31746,10.02.1994,9,151
31762,22.06.1994,151,63
31765,7.09.1994,12,151
31784,13.01.1996,151,149
31785,16.01.1996,151,129
31822,15.02.1998,151,139
31901,12.02.2003,134,151
31903,08.05.2003,151,139
31904,26.05.2003,151,55
31910,12.07.2003,151,129
31911,14.07.2003,151,3210
31913,23.07.2003,151,60
31914,26.07.2003,151,126
31917,13.03.2004,151,132
31919,28.04.2004,151,139
31920,02.06.2004,151,133
31923,11.07.2004,151,38
31924,18.08.2004,134,151
31928,13.10.2004,151,143
31929,17.11.2004,151,134
31931,09.03.2005,151,63
31934,30.03.2005,151,131
31936,04.06.2005,151,126
31937,08.06.2005,143,151
31938,07.07.2005,151,138
31940,12.07.2005,151,126
31942,21.07.2005,151,133
31944,17.08.2005,151,149
31945,03.09.2005,151,139
31946,08.10.2005,126,151
31947,12.10.2005,151,143
31949,22.01.2006,151,136
31951,10.02.2006,151,162
31955,11.04.2006,151,134
31956,23.05.2006,151,95
31957,26.05.2006,151,67
31958,28.05.2006,151,28
31963,07.02.2007,151,139
31965,28.03.2007,151,131
31966,02.06.2007,151,155
31967,07.06.2007,151,131
31971,21.06.2007,151,136
31973,28.06.2007,58,151
31974,02.07.2007,151,64
31976,05.07.2007,151,63
