1,1,2,3,4,5,6,7,8,9,10,11,12
2,13,14,15,16
3,338,339,340,341,342,343
5,425,426,427,428,429,430,431
6,432,433,434,435,436,437
7,438,439,440,441,442,443,444,445,446,447,448,449,450,451,452,453,454,455,456,457,458,459,460,461,462,463,464,465,466,467,468,469,470,471,472,473,474,475,476,477,478
8,520,521,522,523,524
9,525,526,527,528,529,530,531,532,533,534,535,536,537,538,539,540,541,542,543,544,545,546,547,548,549,550,551,552,553,554,555,556,559,561,563,565,567,569,571,573
10,17,18,19,20,21,22,23,24,25
11,557,558,560,562,564,566,568,570,572,574,575,576,577,578,579,580,581,582,583,584,585,586,587,588,589,590,591,592,593,594,595,596,597,598,599,600,601,602,603,604,605
12,606,607,608,609,610,611,612,613,614,615,616,617,618,619,620,621,622
13,623,624,625,626,627,628,629,630,631,632,633,634,635,636,637,638,639,640,641,642,643,644,645,646,647,648,649,650,651,652,653,654,655,656,657,659,661,663,665,667,669,671,673,675,677
14,658,660,662,664,666,668,670,672,674,676,678,679,680,681,682,683,684,685,686,687,688,689,690,691,692,693,694,695,696,697,698,699,700,701,702,703,704,706,708,710,712,714,716,718,720,721,723,725,727,729,731,732,734,736,738,740
15,705,707,709,711,713,715,717,719,722,724,726,728,730,733,735,737,739
16,741,742,743,744,745,746,747
17,748,749,750,751,752,753,754,755,756,757,758,759,760,761,762,763,764,765,766,767,768,769,770,771,772,773,774,776,778,780,782,785,787,789,791,794,796,798,800
18,775,777,779,781,783,784,786,788,790,792,793,795,797,799,801,802,803,804,805,806,807,808,809,810,811,812,813,814,815,816,817,819,821,823,824,825,826,827,828,829,830,833
19,818,820,822
22,895,896,898,900,902,904,906,908,910,912,914,916,918,920,922,924,926,929,931,933,935,937,939,941,944,946,948,950,953,956,960,963
24,1002,1005,1007,1009,1011,1013,1015,1017,1019,1021,1023,1025,1028,1030,1031,1033,1035,1037,1039,1041,1044,1046,1048,1050,1052,1054,1056,1057,1059,1061,1063,1065,1067,1069,1071,1072,1073,1074,1075,1076,1077,1078,1079,1082,1084,1086,1088,1090,1092,1095,1097
25,26,27,28,29,30,31,32,33,34,35,36,37,38,39,40,41,42,43,44,45,46,47,48,1185
26,1511,1513,1515,1516,1518,1520,1522,1524,1526,1528,1530,1531,1533,1535,1537,1539,1541,1543,1545,1546,1547,1548,1549,1550,1551
27,1558,1560,1562,1564,1566,1569,1571,1573,1576,1578,1580,1582,1584,1587,1589,1591,1593,1596,1598,1600,1602,1604,1607,1609,1611,1613,1615,1618,1620,1622,1624,1626,1628,1631,1633,1636,1639,1643,1645,1647,1650,1652,1653
28,1634,1637,1640,1642
29,1238,1239,1241,1243,1245,1246,1248,1250,1251,1252,1253,1254,1255,1256,1257,1258,1259,1261,1263,1265,1267,1269,1271,1273,1275,1277,1279,1280,1282,1284,1286,1288,1290,1293
30,49,50,51,52,53,54,55,56,57,58,59,60,61,62,63,64,65,1673,1685
31,66,67,68,69,70,1716,1717,1718,1720,1722
32,1728,1729,1730,1731,1732,1733,1734,1735,1737,1739,1741,1743,1745,1747,1749,1751,1753
33,71,72,73,74,75,76,77,78,79,80,81,82,83,84,85,86,87,88,89,90,91,92,93,94,95,96,97,98,99,1765,1796
34,1767,1769,1771,1773,1775,1777,1779,1782
35,100,101,102,103,104,105,106,107,108,109,110,111,112,113,114,115,116,1736
36,117,118,119,120,121,122,123,1719,1721,1723,1724,1725,1726,1727
37,1654,1655,1656,1657,1658,1659,1660,1661,1662,1663,1664,1665,1666,1667,1668,1669,1670,1671,1674,1676,1678,1680,1682,1684,1686,1688,1690,1692,1694,1696,1698,1700,1702,1704,1705,1706,1707,1708,1709,1710,1711,1712,1713,1714,1715
38,124,125,126,127,128,129,130,131,132,133,134,135,136,137,138,139,140,141,142,143,144,145,146,147,148,149,150,151,152,153,154,155,156,157,158,159,160,161,162,163,164,165,166,167,168,169,170,171,172,173,174,175,176,177,178,1556,1575,1586,1612,1621,1632,1649
39,179,180,181,182,183,184,185,186,187,188,189,190,191,192,193,194,195,196,197,198,199,200,201,202,203,204,205,206,1506,1532,1536,1540
40,263,264,265,266,267,268,269,270,271,272,273,274,275,276,277,278,279,280,281,282,283,284,285,286,287,288,289,290,291,1470,1471,1472,1473,1474,1475,1476,1477,1478,1479,1480,1481,1482,1483,1484,1485,1486,1487,1488,1489,1490,1491,1492,1493,1494,1495,1496,1497,1498
41,292,293,294,295,296,297,298,299,300,301,302,303,304,305,306,307,308,309,310,311,312,313,314,315,316,317,318,319,320,321,322,323,324,325,326,327,328,329,330,331,1430,1432,1435,1436,1437,1439,1445,1446,1447,1448,1450,1452,1453,1461,1462,1463,1466,1468,1469
42,1419,1420,1421,1422,1423,1424,1425,1426,1427,1428,1429
43,332,333,334,335,336,337,1413,1414,1415,1416,1417,1418
44,1368,1369,1370,1371,1372,1373,1374,1375,1376,1377,1378,1379,1380,1381,1382,1383,1384,1385,1386,1387,1388,1389,1390,1391,1392,1393,1394,1395,1396,1397,1398,1399,1400,1401,1402,1403,1404,1405,1406,1407,1408,1409,1410,1411,1412
45,1325,1326,1327,1328,1329,1330,1331,1332,1333,1334,1335,1336,1337,1338,1339,1340,1341,1342,1343,1344,1345,1346,1347,1348,1349,1350,1351,1352,1353,1354,1355,1356,1357,1358,1359,1360,1361,1362,1363,1364,1365,1366,1367
46,1314,1315,1316,1317,1318,1319,1320,1321,1322,1323,1324
47,1306,1307,1308,1309,1310,1311,1312,1313
48,1260,1262,1264,1266,1268,1270,1272,1274,1276,1278,1281,1283,1285,1287,1289,1291,1292,1294,1295,1296,1297,1298,1299,1300,1301,1302,1303,1304,1305,1952,1958
49,1197,1198,1200,1202,1204,1207,1208,1210,1212,1214,1216,1218,1220,1222,1224,1225,1226,1227,1228,1229,1230,1231,1232,1233,1234,1235,1236,1237,1240,1242,1244,1247,1249
50,1130,1131,1132,1133,1134,1135,1136,1137,1138,1139,1140,1141,1142,1143,1144,1145,1146,1147,1148,1149,1150,1151,1152,1153,1154,1155,1156,1157,1158,1159,1160,1161,1162,1163,1164,1165,1166,1167,1168,1169,1170,1171,1172,1173,1174,1175,1176,1177,1178,1180,1183,1184,1187,1189,1191,1193,1195
51,1080,1081,1083,1085,1087,1089,1091,1093,1094,1096,1098,1099,1100,1101,1102,1103,1104,1105,1106,1107,1108,1109,1110,1111,1112,1113,1114,1115,1116,1117,1118,1119,1120,1121,1122,1123,1124,1125,1126,1127,1128,1129
52,5288,369,396,423,393,344
53,987,989,991,993,995,997,999,1001,1003
54,893,894,897,899,901,903,905,907,909,911,913,915,917,919,921,923,925,927,928,930,932,934,936,938,940,942,943,945,947,949,951,954,957,959,962,965
55,1840,1841,1842,1843,1844,1845,1846,1847,1848,1849,1850,1851,1852,1853,1854,1855,1856,1857,1858,1859,1860,1861,1862
56,2163,2164,2165,2166,2167,2168,2169,2170,2171,2172,2173,2174,2175,2176,2177,2178,2179,2180,2181,2182,2183,2184,2185,2186,2187,2188,2189,2190,2191,2192,2193,2194,2195,2196,2197,2198,2199,2200,2201,2202,2203,2204,2206,2208,2210,2212,2214,2216,2218,2220,2222,2224,2226,2228,2231,2233,2235,2237,2239,2241
57,2205,2207,2209,2211,2213,2215,2217,2219,2221,2223,2225,2227,2229,2230,2232,2234,2236,2238,2240,2242,2243,2244,2245,2246,2247,2248,2249,2250,2251,2252,2253,2254,2255,2256,2257,2258,2259,2260,2261,2262,2263,2264
58,1893,1894,1895,1896,1897,1898,1899,1900,1901,1902,1903,1904,1905,1906,1907,1908,1909,1910,1911,1912,1913,1914,1915,1916,1917,1918,1919,1920,1921,1922,1923,1924,1925,1926,1927,1928,1929,1930,1931,1932,1933,1934,1935,1936,1937,1938,1939,1940,1941,1942,1943,1944,1945,1946,1947,1948,1949,1950,1951
60,2087,2088,2089,2090,2091,2092,2093,2094,2095,2096,2097,2098,2099,2100,2101,2102,2103,2104,2105,2106,2107,2108,2109,2110,2111,2112,2113,2114,2115,2116,2117,2118,2119,2120,2121,2122,2123,2124,2126,2128,2131,2133,2135,2137,2139,2142,2144,2146,2148,2150,2153,2155
61,1799,1800,1801,1802,1803,1804,1805,1806,1807,1808,1809,1810,1811,1812,1813,1814,1815,1816,1817,1818,1819,1820,1821,1822,1823,1824,1825,1826,1827,1828,1829,1830,1831,1832,1833,1834,1835,1836,1837,1838,1839
